
--- چرخه بعدی پایش در ۳۰۰ ثانیه آینده ---


--- چرخه بعدی پایش در ۳۰۰ ثانیه آینده ---


--- چرخه بعدی پایش در ۳۰۰ ثانیه آینده ---


--- چرخه بعدی پایش در ۳۰۰ ثانیه آینده ---


--- چرخه بعدی پایش در ۳۰۰ ثانیه آینده ---


--- چرخه بعدی پایش در ۳۰۰ ثانیه آینده ---


--- چرخه بعدی پایش در ۳۰۰ ثانیه آینده ---


--- چرخه بعدی پایش در ۳۰۰ ثانیه آینده ---

📊 BTC/USDT   | قیمت: 1,137,398,652 تومان | وضعیت: HOLD               | تعداد: -        | هدف: -          | استاپ: -         | سود/زیان: - | زمان: 1405-04-20 20:28:18
📊 ETH/USDT   | قیمت: 32,245,000 تومان | وضعیت: HOLD               | تعداد: -        | هدف: -          | استاپ: -         | سود/زیان: - | زمان: 1405-04-20 20:28:18
📊 SOL/USDT   | قیمت: 1,380,265  تومان | وضعیت: HOLD               | تعداد: -        | هدف: -          | استاپ: -         | سود/زیان: - | زمان: 1405-04-20 20:28:18
📊 AVAX/USDT  | قیمت: 119,189    تومان | وضعیت: HOLD               | تعداد: -        | هدف: -          | استاپ: -         | سود/زیان: - | زمان: 1405-04-20 20:28:18
📊 NEAR/USDT  | قیمت: 33,833     تومان | وضعیت: HOLD               | تعداد: -        | هدف: -          | استاپ: -         | سود/زیان: - | زمان: 1405-04-20 20:28:18
📊 SUI/USDT   | قیمت: 13,133     تومان | وضعیت: HOLD               | تعداد: -        | هدف: -          | استاپ: -         | سود/زیان: - | زمان: 1405-04-20 20:28:18
📊 TRX/USDT   | قیمت: 5,922      تومان | وضعیت: HOLD               | تعداد: -        | هدف: -          | استاپ: -         | سود/زیان: - | زمان: 1405-04-20 20:28:18
📊 XRP/USDT   | قیمت: 19,700     تومان | وضعیت: HOLD               | تعداد: -        | هدف: -          | استاپ: -         | سود/زیان: - | زمان: 1405-04-20 20:28:18
📊 ADA/USDT   | قیمت: 3,017      تومان | وضعیت: HOLD               | تعداد: -        | هدف: -          | استاپ: -         | سود/زیان: - | زمان: 1405-04-20 20:28:18
📊 DOGE/USDT  | قیمت: 1,327      تومان | وضعیت: HOLD               | تعداد: -        | هدف: -          | استاپ: -         | سود/زیان: - | زمان: 1405-04-20 20:28:18
📊 LINK/USDT  | قیمت: 142,911    تومان | وضعیت: HOLD               | تعداد: -        | هدف: -          | استاپ: -         | سود/زیان: - | زمان: 1405-04-20 20:28:18
📊 UNI/USDT   | قیمت: 65,484     تومان | وضعیت: HOLD               | تعداد: -        | هدف: -          | استاپ: -         | سود/زیان: - | زمان: 1405-04-20 20:28:18
📊 LTC/USDT   | قیمت: 801,761    تومان | وضعیت: HOLD               | تعداد: -        | هدف: -          | استاپ: -         | سود/زیان: - | زمان: 1405-04-20 20:28:18
📊 BCH/USDT   | قیمت: 4,357,756  تومان | وضعیت: HOLD               | تعداد: -        | هدف: -          | استاپ: -         | سود/زیان: - | زمان: 1405-04-20 20:28:18
📊 POL/USDT   | قیمت: 1,417      تومان | وضعیت: SELL               | تعداد: -        | هدف: -          | استاپ: -         | سود/زیان: - | زمان: 1405-04-20 20:28:18
📊 ALGO/USDT  | قیمت: 1,579      تومان | وضعیت: HOLD               | تعداد: -        | هدف: -          | استاپ: -         | سود/زیان: - | زمان: 1405-04-20 20:28:18
📊 XLM/USDT   | قیمت: 3,375      تومان | وضعیت: HOLD               | تعداد: -        | هدف: -          | استاپ: -         | سود/زیان: - | زمان: 1405-04-20 20:28:18
📊 HBAR/USDT  | قیمت: 1,237      تومان | وضعیت: HOLD               | تعداد: -        | هدف: -          | استاپ: -         | سود/زیان: - | زمان: 1405-04-20 20:28:18
📊 GRT/USDT   | قیمت: 316        تومان | وضعیت: HOLD               | تعداد: -        | هدف: -          | استاپ: -         | سود/زیان: - | زمان: 1405-04-20 20:28:18
📊 ANKR/USDT  | قیمت: 68.00      تومان | وضعیت: HOLD               | تعداد: -        | هدف: -          | استاپ: -         | سود/زیان: - | زمان: 1405-04-20 20:28:18
📊 TNSR/USDT  | قیمت: 579        تومان | وضعیت: HOLD               | تعداد: -        | هدف: -          | استاپ: -         | سود/زیان: - | زمان: 1405-04-20 20:28:18
📊 2Z/USDT    | قیمت: 1,252      تومان | وضعیت: HOLD               | تعداد: -        | هدف: -          | استاپ: -         | سود/زیان: - | زمان: 1405-04-20 20:28:18
📊 RENDER/USDT | قیمت: 27,845     تومان | وضعیت: HOLD               | تعداد: -        | هدف: -          | استاپ: -         | سود/زیان: - | زمان: 1405-04-20 20:28:18
📊 APE/USDT   | قیمت: 2,757      تومان | وضعیت: HOLD               | تعداد: -        | هدف: -          | استاپ: -         | سود/زیان: - | زمان: 1405-04-20 20:28:18
📊 DYDX/USDT  | قیمت: 2,271      تومان | وضعیت: SELL               | تعداد: -        | هدف: -          | استاپ: -         | سود/زیان: - | زمان: 1405-04-20 20:28:18
📊 BASED/USDT | قیمت: 1,724      تومان | وضعیت: HOLD               | تعداد: -        | هدف: -          | استاپ: -         | سود/زیان: - | زمان: 1405-04-20 20:28:18
📊 ONE/USDT   | قیمت: 22.10      تومان | وضعیت: HOLD               | تعداد: -        | هدف: -          | استاپ: -         | سود/زیان: - | زمان: 1405-04-20 20:28:18
📊 BICO/USDT  | قیمت: 251        تومان | وضعیت: HOLD               | تعداد: -        | هدف: -          | استاپ: -         | سود/زیان: - | زمان: 1405-04-20 20:28:18

--- چرخه بعدی پایش در ۳۰۰ ثانیه آینده ---

📊 BTC/USDT   | قیمت: 11,343,694,679 تومان | وضعیت: HOLD               | تعداد: -        | هدف: -          | استاپ: -         | سود/زیان: - | زمان: 1405-04-20 20:30:34
📊 ETH/USDT   | قیمت: 322,450,000 تومان | وضعیت: HOLD               | تعداد: -        | هدف: -          | استاپ: -         | سود/زیان: - | زمان: 1405-04-20 20:30:34
📊 SOL/USDT   | قیمت: 13,810,376 تومان | وضعیت: HOLD               | تعداد: -        | هدف: -          | استاپ: -         | سود/زیان: - | زمان: 1405-04-20 20:30:34
📊 AVAX/USDT  | قیمت: 1,191,895  تومان | وضعیت: HOLD               | تعداد: -        | هدف: -          | استاپ: -         | سود/زیان: - | زمان: 1405-04-20 20:30:34
📊 NEAR/USDT  | قیمت: 338,337    تومان | وضعیت: HOLD               | تعداد: -        | هدف: -          | استاپ: -         | سود/زیان: - | زمان: 1405-04-20 20:30:34
📊 SUI/USDT   | قیمت: 131,331    تومان | وضعیت: HOLD               | تعداد: -        | هدف: -          | استاپ: -         | سود/زیان: - | زمان: 1405-04-20 20:30:34
📊 TRX/USDT   | قیمت: 58,919     تومان | وضعیت: HOLD               | تعداد: -        | هدف: -          | استاپ: -         | سود/زیان: - | زمان: 1405-04-20 20:30:34
📊 XRP/USDT   | قیمت: 197,437    تومان | وضعیت: HOLD               | تعداد: -        | هدف: -          | استاپ: -         | سود/زیان: - | زمان: 1405-04-20 20:30:34
📊 ADA/USDT   | قیمت: 30,287     تومان | وضعیت: HOLD               | تعداد: -        | هدف: -          | استاپ: -         | سود/زیان: - | زمان: 1405-04-20 20:30:34
📊 DOGE/USDT  | قیمت: 13,277     تومان | وضعیت: HOLD               | تعداد: -        | هدف: -          | استاپ: -         | سود/زیان: - | زمان: 1405-04-20 20:30:34
📊 LINK/USDT  | قیمت: 1,429,110  تومان | وضعیت: HOLD               | تعداد: -        | هدف: -          | استاپ: -         | سود/زیان: - | زمان: 1405-04-20 20:30:34
📊 UNI/USDT   | قیمت: 654,238    تومان | وضعیت: HOLD               | تعداد: -        | هدف: -          | استاپ: -         | سود/زیان: - | زمان: 1405-04-20 20:30:34
📊 LTC/USDT   | قیمت: 8,016,762  تومان | وضعیت: HOLD               | تعداد: -        | هدف: -          | استاپ: -         | سود/زیان: - | زمان: 1405-04-20 20:30:34
📊 BCH/USDT   | قیمت: 43,577,563 تومان | وضعیت: HOLD               | تعداد: -        | هدف: -          | استاپ: -         | سود/زیان: - | زمان: 1405-04-20 20:30:34
📊 POL/USDT   | قیمت: 14,210     تومان | وضعیت: SELL               | تعداد: -        | هدف: -          | استاپ: -         | سود/زیان: - | زمان: 1405-04-20 20:30:34
📊 ALGO/USDT  | قیمت: 15,432     تومان | وضعیت: HOLD               | تعداد: -        | هدف: -          | استاپ: -         | سود/زیان: - | زمان: 1405-04-20 20:30:34
📊 XLM/USDT   | قیمت: 33,717     تومان | وضعیت: HOLD               | تعداد: -        | هدف: -          | استاپ: -         | سود/زیان: - | زمان: 1405-04-20 20:30:34
📊 HBAR/USDT  | قیمت: 12,376     تومان | وضعیت: HOLD               | تعداد: -        | هدف: -          | استاپ: -         | سود/زیان: - | زمان: 1405-04-20 20:30:34
📊 GRT/USDT   | قیمت: 3,160      تومان | وضعیت: HOLD               | تعداد: -        | هدف: -          | استاپ: -         | سود/زیان: - | زمان: 1405-04-20 20:30:34
📊 ANKR/USDT  | قیمت: 675        تومان | وضعیت: HOLD               | تعداد: -        | هدف: -          | استاپ: -         | سود/زیان: - | زمان: 1405-04-20 20:30:34
📊 DOGS/USDT  | قیمت: 7.20       تومان | وضعیت: HOLD               | تعداد: -        | هدف: -          | استاپ: -         | سود/زیان: - | زمان: 1405-04-20 20:30:34
📊 TNSR/USDT  | قیمت: 5,846      تومان | وضعیت: HOLD               | تعداد: -        | هدف: -          | استاپ: -         | سود/زیان: - | زمان: 1405-04-20 20:30:34
📊 2Z/USDT    | قیمت: 12,524     تومان | وضعیت: HOLD               | تعداد: -        | هدف: -          | استاپ: -         | سود/زیان: - | زمان: 1405-04-20 20:30:34
📊 RENDER/USDT | قیمت: 277,724    تومان | وضعیت: HOLD               | تعداد: -        | هدف: -          | استاپ: -         | سود/زیان: - | زمان: 1405-04-20 20:30:34
📊 APE/USDT   | قیمت: 27,578     تومان | وضعیت: HOLD               | تعداد: -        | هدف: -          | استاپ: -         | سود/زیان: - | زمان: 1405-04-20 20:30:34
📊 DYDX/USDT  | قیمت: 22,712     تومان | وضعیت: SELL               | تعداد: -        | هدف: -          | استاپ: -         | سود/زیان: - | زمان: 1405-04-20 20:30:34
📊 BASED/USDT | قیمت: 17,246     تومان | وضعیت: HOLD               | تعداد: -        | هدف: -          | استاپ: -         | سود/زیان: - | زمان: 1405-04-20 20:30:34
📊 ONE/USDT   | قیمت: 219        تومان | وضعیت: HOLD               | تعداد: -        | هدف: -          | استاپ: -         | سود/زیان: - | زمان: 1405-04-20 20:30:34
📊 BICO/USDT  | قیمت: 2,513      تومان | وضعیت: HOLD               | تعداد: -        | هدف: -          | استاپ: -         | سود/زیان: - | زمان: 1405-04-20 20:30:34

--- چرخه بعدی پایش در ۳۰۰ ثانیه آینده ---

📊 BTC/USDT   | قیمت: 11,352,188,359 تومان | وضعیت: HOLD               | تعداد: -        | هدف: -          | استاپ: -         | سود/زیان: - | زمان: 1405-04-20 20:36:04
📊 ETH/USDT   | قیمت: 322,500,000 تومان | وضعیت: HOLD               | تعداد: -        | هدف: -          | استاپ: -         | سود/زیان: - | زمان: 1405-04-20 20:36:04
📊 SOL/USDT   | قیمت: 13,899,701 تومان | وضعیت: HOLD               | تعداد: -        | هدف: -          | استاپ: -         | سود/زیان: - | زمان: 1405-04-20 20:36:04
📊 AVAX/USDT  | قیمت: 1,191,825  تومان | وضعیت: HOLD               | تعداد: -        | هدف: -          | استاپ: -         | سود/زیان: - | زمان: 1405-04-20 20:36:04
📊 NEAR/USDT  | قیمت: 338,551    تومان | وضعیت: HOLD               | تعداد: -        | هدف: -          | استاپ: -         | سود/زیان: - | زمان: 1405-04-20 20:36:04
📊 SUI/USDT   | قیمت: 131,331    تومان | وضعیت: HOLD               | تعداد: -        | هدف: -          | استاپ: -         | سود/زیان: - | زمان: 1405-04-20 20:36:04
📊 TRX/USDT   | قیمت: 59,250     تومان | وضعیت: HOLD               | تعداد: -        | هدف: -          | استاپ: -         | سود/زیان: - | زمان: 1405-04-20 20:36:04
📊 XRP/USDT   | قیمت: 197,100    تومان | وضعیت: HOLD               | تعداد: -        | هدف: -          | استاپ: -         | سود/زیان: - | زمان: 1405-04-20 20:36:04
📊 ADA/USDT   | قیمت: 30,287     تومان | وضعیت: HOLD               | تعداد: -        | هدف: -          | استاپ: -         | سود/زیان: - | زمان: 1405-04-20 20:36:04
📊 DOGE/USDT  | قیمت: 13,278     تومان | وضعیت: HOLD               | تعداد: -        | هدف: -          | استاپ: -         | سود/زیان: - | زمان: 1405-04-20 20:36:04
📊 LINK/USDT  | قیمت: 1,429,110  تومان | وضعیت: HOLD               | تعداد: -        | هدف: -          | استاپ: -         | سود/زیان: - | زمان: 1405-04-20 20:36:04
📊 UNI/USDT   | قیمت: 654,591    تومان | وضعیت: HOLD               | تعداد: -        | هدف: -          | استاپ: -         | سود/زیان: - | زمان: 1405-04-20 20:36:04
📊 LTC/USDT   | قیمت: 8,006,913  تومان | وضعیت: HOLD               | تعداد: -        | هدف: -          | استاپ: -         | سود/زیان: - | زمان: 1405-04-20 20:36:04
📊 BCH/USDT   | قیمت: 43,973,987 تومان | وضعیت: HOLD               | تعداد: -        | هدف: -          | استاپ: -         | سود/زیان: - | زمان: 1405-04-20 20:36:04
📊 POL/USDT   | قیمت: 14,210     تومان | وضعیت: SELL               | تعداد: -        | هدف: -          | استاپ: -         | سود/زیان: - | زمان: 1405-04-20 20:36:04
📊 ALGO/USDT  | قیمت: 15,797     تومان | وضعیت: HOLD               | تعداد: -        | هدف: -          | استاپ: -         | سود/زیان: - | زمان: 1405-04-20 20:36:04
📊 XLM/USDT   | قیمت: 33,976     تومان | وضعیت: HOLD               | تعداد: -        | هدف: -          | استاپ: -         | سود/زیان: - | زمان: 1405-04-20 20:36:04
📊 HBAR/USDT  | قیمت: 12,376     تومان | وضعیت: HOLD               | تعداد: -        | هدف: -          | استاپ: -         | سود/زیان: - | زمان: 1405-04-20 20:36:04
📊 GRT/USDT   | قیمت: 3,160      تومان | وضعیت: HOLD               | تعداد: -        | هدف: -          | استاپ: -         | سود/زیان: - | زمان: 1405-04-20 20:36:04
📊 ANKR/USDT  | قیمت: 680        تومان | وضعیت: HOLD               | تعداد: -        | هدف: -          | استاپ: -         | سود/زیان: - | زمان: 1405-04-20 20:36:04
📊 TNSR/USDT  | قیمت: 5,817      تومان | وضعیت: HOLD               | تعداد: -        | هدف: -          | استاپ: -         | سود/زیان: - | زمان: 1405-04-20 20:36:04
📊 2Z/USDT    | قیمت: 12,524     تومان | وضعیت: HOLD               | تعداد: -        | هدف: -          | استاپ: -         | سود/زیان: - | زمان: 1405-04-20 20:36:04
📊 RENDER/USDT | قیمت: 278,621    تومان | وضعیت: HOLD               | تعداد: -        | هدف: -          | استاپ: -         | سود/زیان: - | زمان: 1405-04-20 20:36:04
📊 APE/USDT   | قیمت: 27,578     تومان | وضعیت: HOLD               | تعداد: -        | هدف: -          | استاپ: -         | سود/زیان: - | زمان: 1405-04-20 20:36:04
📊 DYDX/USDT  | قیمت: 22,719     تومان | وضعیت: SELL               | تعداد: -        | هدف: -          | استاپ: -         | سود/زیان: - | زمان: 1405-04-20 20:36:04
📊 BASED/USDT | قیمت: 17,311     تومان | وضعیت: HOLD               | تعداد: -        | هدف: -          | استاپ: -         | سود/زیان: - | زمان: 1405-04-20 20:36:04
📊 ONE/USDT   | قیمت: 219        تومان | وضعیت: HOLD               | تعداد: -        | هدف: -          | استاپ: -         | سود/زیان: - | زمان: 1405-04-20 20:36:04
📊 BICO/USDT  | قیمت: 2,516      تومان | وضعیت: HOLD               | تعداد: -        | هدف: -          | استاپ: -         | سود/زیان: - | زمان: 1405-04-20 20:36:04

--- چرخه بعدی پایش در ۳۰۰ ثانیه آینده ---

📊 BTC/USDT   | قیمت: 11,350,905,228 تومان | وضعیت: HOLD               | تعداد: -        | هدف: -          | استاپ: -         | سود/زیان: - | زمان: 1405-04-20 20:41:33
📊 ETH/USDT   | قیمت: 322,499,000 تومان | وضعیت: HOLD               | تعداد: -        | هدف: -          | استاپ: -         | سود/زیان: - | زمان: 1405-04-20 20:41:33
📊 SOL/USDT   | قیمت: 13,869,788 تومان | وضعیت: HOLD               | تعداد: -        | هدف: -          | استاپ: -         | سود/زیان: - | زمان: 1405-04-20 20:41:33
📊 AVAX/USDT  | قیمت: 1,191,825  تومان | وضعیت: HOLD               | تعداد: -        | هدف: -          | استاپ: -         | سود/زیان: - | زمان: 1405-04-20 20:41:33
📊 NEAR/USDT  | قیمت: 338,551    تومان | وضعیت: HOLD               | تعداد: -        | هدف: -          | استاپ: -         | سود/زیان: - | زمان: 1405-04-20 20:41:33
📊 SUI/USDT   | قیمت: 131,331    تومان | وضعیت: HOLD               | تعداد: -        | هدف: -          | استاپ: -         | سود/زیان: - | زمان: 1405-04-20 20:41:33
📊 TRX/USDT   | قیمت: 59,250     تومان | وضعیت: HOLD               | تعداد: -        | هدف: -          | استاپ: -         | سود/زیان: - | زمان: 1405-04-20 20:41:33
📊 XRP/USDT   | قیمت: 197,485    تومان | وضعیت: HOLD               | تعداد: -        | هدف: -          | استاپ: -         | سود/زیان: - | زمان: 1405-04-20 20:41:33
📊 ADA/USDT   | قیمت: 30,289     تومان | وضعیت: HOLD               | تعداد: -        | هدف: -          | استاپ: -         | سود/زیان: - | زمان: 1405-04-20 20:41:33
📊 DOGE/USDT  | قیمت: 13,285     تومان | وضعیت: HOLD               | تعداد: -        | هدف: -          | استاپ: -         | سود/زیان: - | زمان: 1405-04-20 20:41:33
📊 LINK/USDT  | قیمت: 1,422,562  تومان | وضعیت: HOLD               | تعداد: -        | هدف: -          | استاپ: -         | سود/زیان: - | زمان: 1405-04-20 20:41:33
📊 UNI/USDT   | قیمت: 652,262    تومان | وضعیت: HOLD               | تعداد: -        | هدف: -          | استاپ: -         | سود/زیان: - | زمان: 1405-04-20 20:41:33
📊 LTC/USDT   | قیمت: 7,982,110  تومان | وضعیت: HOLD               | تعداد: -        | هدف: -          | استاپ: -         | سود/زیان: - | زمان: 1405-04-20 20:41:33
📊 BCH/USDT   | قیمت: 43,973,987 تومان | وضعیت: HOLD               | تعداد: -        | هدف: -          | استاپ: -         | سود/زیان: - | زمان: 1405-04-20 20:41:33
📊 POL/USDT   | قیمت: 14,210     تومان | وضعیت: SELL               | تعداد: -        | هدف: -          | استاپ: -         | سود/زیان: - | زمان: 1405-04-20 20:41:33
📊 ALGO/USDT  | قیمت: 15,798     تومان | وضعیت: HOLD               | تعداد: -        | هدف: -          | استاپ: -         | سود/زیان: - | زمان: 1405-04-20 20:41:33
📊 XLM/USDT   | قیمت: 33,976     تومان | وضعیت: HOLD               | تعداد: -        | هدف: -          | استاپ: -         | سود/زیان: - | زمان: 1405-04-20 20:41:33
📊 HBAR/USDT  | قیمت: 12,327     تومان | وضعیت: HOLD               | تعداد: -        | هدف: -          | استاپ: -         | سود/زیان: - | زمان: 1405-04-20 20:41:33
📊 GRT/USDT   | قیمت: 3,160      تومان | وضعیت: HOLD               | تعداد: -        | هدف: -          | استاپ: -         | سود/زیان: - | زمان: 1405-04-20 20:41:33
📊 ANKR/USDT  | قیمت: 677        تومان | وضعیت: HOLD               | تعداد: -        | هدف: -          | استاپ: -         | سود/زیان: - | زمان: 1405-04-20 20:41:33
📊 TNSR/USDT  | قیمت: 5,817      تومان | وضعیت: HOLD               | تعداد: -        | هدف: -          | استاپ: -         | سود/زیان: - | زمان: 1405-04-20 20:41:33
📊 2Z/USDT    | قیمت: 12,524     تومان | وضعیت: HOLD               | تعداد: -        | هدف: -          | استاپ: -         | سود/زیان: - | زمان: 1405-04-20 20:41:33
📊 RENDER/USDT | قیمت: 278,621    تومان | وضعیت: HOLD               | تعداد: -        | هدف: -          | استاپ: -         | سود/زیان: - | زمان: 1405-04-20 20:41:33
📊 APE/USDT   | قیمت: 27,578     تومان | وضعیت: HOLD               | تعداد: -        | هدف: -          | استاپ: -         | سود/زیان: - | زمان: 1405-04-20 20:41:33
📊 DYDX/USDT  | قیمت: 22,837     تومان | وضعیت: SELL               | تعداد: -        | هدف: -          | استاپ: -         | سود/زیان: - | زمان: 1405-04-20 20:41:33
📊 BASED/USDT | قیمت: 17,311     تومان | وضعیت: HOLD               | تعداد: -        | هدف: -          | استاپ: -         | سود/زیان: - | زمان: 1405-04-20 20:41:33
📊 ONE/USDT   | قیمت: 220        تومان | وضعیت: HOLD               | تعداد: -        | هدف: -          | استاپ: -         | سود/زیان: - | زمان: 1405-04-20 20:41:33
📊 BICO/USDT  | قیمت: 2,517      تومان | وضعیت: HOLD               | تعداد: -        | هدف: -          | استاپ: -         | سود/زیان: - | زمان: 1405-04-20 20:41:33

--- چرخه بعدی پایش در ۳۰۰ ثانیه آینده ---

📊 BTC/USDT   | قیمت: 11,350,914,233 تومان | وضعیت: HOLD               | تعداد: -        | هدف: -          | استاپ: -         | سود/زیان: - | زمان: 1405-04-20 20:43:02
📊 ETH/USDT   | قیمت: 321,970,246 تومان | وضعیت: HOLD               | تعداد: -        | هدف: -          | استاپ: -         | سود/زیان: - | زمان: 1405-04-20 20:43:02
📊 SOL/USDT   | قیمت: 13,826,248 تومان | وضعیت: HOLD               | تعداد: -        | هدف: -          | استاپ: -         | سود/زیان: - | زمان: 1405-04-20 20:43:02
📊 AVAX/USDT  | قیمت: 1,191,825  تومان | وضعیت: HOLD               | تعداد: -        | هدف: -          | استاپ: -         | سود/زیان: - | زمان: 1405-04-20 20:43:02
📊 NEAR/USDT  | قیمت: 338,551    تومان | وضعیت: HOLD               | تعداد: -        | هدف: -          | استاپ: -         | سود/زیان: - | زمان: 1405-04-20 20:43:02
📊 SUI/USDT   | قیمت: 131,331    تومان | وضعیت: HOLD               | تعداد: -        | هدف: -          | استاپ: -         | سود/زیان: - | زمان: 1405-04-20 20:43:02
📊 TRX/USDT   | قیمت: 59,053     تومان | وضعیت: HOLD               | تعداد: -        | هدف: -          | استاپ: -         | سود/زیان: - | زمان: 1405-04-20 20:43:02
📊 XRP/USDT   | قیمت: 197,473    تومان | وضعیت: HOLD               | تعداد: -        | هدف: -          | استاپ: -         | سود/زیان: - | زمان: 1405-04-20 20:43:02
📊 ADA/USDT   | قیمت: 30,290     تومان | وضعیت: HOLD               | تعداد: -        | هدف: -          | استاپ: -         | سود/زیان: - | زمان: 1405-04-20 20:43:02
📊 DOGE/USDT  | قیمت: 13,285     تومان | وضعیت: HOLD               | تعداد: -        | هدف: -          | استاپ: -         | سود/زیان: - | زمان: 1405-04-20 20:43:02
📊 LINK/USDT  | قیمت: 1,422,562  تومان | وضعیت: HOLD               | تعداد: -        | هدف: -          | استاپ: -         | سود/زیان: - | زمان: 1405-04-20 20:43:02
📊 UNI/USDT   | قیمت: 652,262    تومان | وضعیت: HOLD               | تعداد: -        | هدف: -          | استاپ: -         | سود/زیان: - | زمان: 1405-04-20 20:43:02
📊 LTC/USDT   | قیمت: 7,982,110  تومان | وضعیت: HOLD               | تعداد: -        | هدف: -          | استاپ: -         | سود/زیان: - | زمان: 1405-04-20 20:43:02
📊 BCH/USDT   | قیمت: 43,973,987 تومان | وضعیت: HOLD               | تعداد: -        | هدف: -          | استاپ: -         | سود/زیان: - | زمان: 1405-04-20 20:43:02
📊 POL/USDT   | قیمت: 14,200     تومان | وضعیت: SELL               | تعداد: -        | هدف: -          | استاپ: -         | سود/زیان: - | زمان: 1405-04-20 20:43:02
📊 ALGO/USDT  | قیمت: 15,798     تومان | وضعیت: HOLD               | تعداد: -        | هدف: -          | استاپ: -         | سود/زیان: - | زمان: 1405-04-20 20:43:02
📊 XLM/USDT   | قیمت: 33,976     تومان | وضعیت: HOLD               | تعداد: -        | هدف: -          | استاپ: -         | سود/زیان: - | زمان: 1405-04-20 20:43:02
📊 HBAR/USDT  | قیمت: 12,418     تومان | وضعیت: HOLD               | تعداد: -        | هدف: -          | استاپ: -         | سود/زیان: - | زمان: 1405-04-20 20:43:02
📊 GRT/USDT   | قیمت: 3,160      تومان | وضعیت: HOLD               | تعداد: -        | هدف: -          | استاپ: -         | سود/زیان: - | زمان: 1405-04-20 20:43:02
📊 ANKR/USDT  | قیمت: 678        تومان | وضعیت: HOLD               | تعداد: -        | هدف: -          | استاپ: -         | سود/زیان: - | زمان: 1405-04-20 20:43:02
📊 TNSR/USDT  | قیمت: 5,817      تومان | وضعیت: HOLD               | تعداد: -        | هدف: -          | استاپ: -         | سود/زیان: - | زمان: 1405-04-20 20:43:02
📊 2Z/USDT    | قیمت: 12,524     تومان | وضعیت: HOLD               | تعداد: -        | هدف: -          | استاپ: -         | سود/زیان: - | زمان: 1405-04-20 20:43:02
📊 RENDER/USDT | قیمت: 278,621    تومان | وضعیت: HOLD               | تعداد: -        | هدف: -          | استاپ: -         | سود/زیان: - | زمان: 1405-04-20 20:43:02
📊 APE/USDT   | قیمت: 27,578     تومان | وضعیت: HOLD               | تعداد: -        | هدف: -          | استاپ: -         | سود/زیان: - | زمان: 1405-04-20 20:43:02
📊 DYDX/USDT  | قیمت: 22,837     تومان | وضعیت: SELL               | تعداد: -        | هدف: -          | استاپ: -         | سود/زیان: - | زمان: 1405-04-20 20:43:02
📊 BASED/USDT | قیمت: 17,311     تومان | وضعیت: HOLD               | تعداد: -        | هدف: -          | استاپ: -         | سود/زیان: - | زمان: 1405-04-20 20:43:02
📊 ONE/USDT   | قیمت: 220        تومان | وضعیت: HOLD               | تعداد: -        | هدف: -          | استاپ: -         | سود/زیان: - | زمان: 1405-04-20 20:43:02
📊 BICO/USDT  | قیمت: 2,527      تومان | وضعیت: HOLD               | تعداد: -        | هدف: -          | استاپ: -         | سود/زیان: - | زمان: 1405-04-20 20:43:02

--- چرخه بعدی پایش در ۳۰۰ ثانیه آینده ---

📊 BTC/USDT   | قیمت: 11,351,266,941 تومان | وضعیت: HOLD               | تعداد: -        | هدف: -          | استاپ: -         | سود/زیان: - | زمان: 1405-04-20 20:47:44
📊 ETH/USDT   | قیمت: 322,488,100 تومان | وضعیت: HOLD               | تعداد: -        | هدف: -          | استاپ: -         | سود/زیان: - | زمان: 1405-04-20 20:47:44
📊 SOL/USDT   | قیمت: 13,869,284 تومان | وضعیت: HOLD               | تعداد: -        | هدف: -          | استاپ: -         | سود/زیان: - | زمان: 1405-04-20 20:47:44
📊 AVAX/USDT  | قیمت: 1,191,825  تومان | وضعیت: HOLD               | تعداد: -        | هدف: -          | استاپ: -         | سود/زیان: - | زمان: 1405-04-20 20:47:44
📊 NEAR/USDT  | قیمت: 338,575    تومان | وضعیت: HOLD               | تعداد: -        | هدف: -          | استاپ: -         | سود/زیان: - | زمان: 1405-04-20 20:47:44
📊 SUI/USDT   | قیمت: 131,331    تومان | وضعیت: HOLD               | تعداد: -        | هدف: -          | استاپ: -         | سود/زیان: - | زمان: 1405-04-20 20:47:44
📊 TRX/USDT   | قیمت: 59,013     تومان | وضعیت: HOLD               | تعداد: -        | هدف: -          | استاپ: -         | سود/زیان: - | زمان: 1405-04-20 20:47:44
📊 XRP/USDT   | قیمت: 197,488    تومان | وضعیت: HOLD               | تعداد: -        | هدف: -          | استاپ: -         | سود/زیان: - | زمان: 1405-04-20 20:47:44
📊 ADA/USDT   | قیمت: 30,279     تومان | وضعیت: HOLD               | تعداد: -        | هدف: -          | استاپ: -         | سود/زیان: - | زمان: 1405-04-20 20:47:44
📊 DOGE/USDT  | قیمت: 13,254     تومان | وضعیت: HOLD               | تعداد: -        | هدف: -          | استاپ: -         | سود/زیان: - | زمان: 1405-04-20 20:47:44
📊 LINK/USDT  | قیمت: 1,422,562  تومان | وضعیت: HOLD               | تعداد: -        | هدف: -          | استاپ: -         | سود/زیان: - | زمان: 1405-04-20 20:47:44
📊 UNI/USDT   | قیمت: 654,460    تومان | وضعیت: HOLD               | تعداد: -        | هدف: -          | استاپ: -         | سود/زیان: - | زمان: 1405-04-20 20:47:44
📊 LTC/USDT   | قیمت: 7,966,202  تومان | وضعیت: HOLD               | تعداد: -        | هدف: -          | استاپ: -         | سود/زیان: - | زمان: 1405-04-20 20:47:44
📊 BCH/USDT   | قیمت: 43,577,564 تومان | وضعیت: HOLD               | تعداد: -        | هدف: -          | استاپ: -         | سود/زیان: - | زمان: 1405-04-20 20:47:44
📊 POL/USDT   | قیمت: 14,177     تومان | وضعیت: SELL               | تعداد: -        | هدف: -          | استاپ: -         | سود/زیان: - | زمان: 1405-04-20 20:47:44
📊 ALGO/USDT  | قیمت: 15,798     تومان | وضعیت: HOLD               | تعداد: -        | هدف: -          | استاپ: -         | سود/زیان: - | زمان: 1405-04-20 20:47:44
📊 XLM/USDT   | قیمت: 33,744     تومان | وضعیت: HOLD               | تعداد: -        | هدف: -          | استاپ: -         | سود/زیان: - | زمان: 1405-04-20 20:47:44
📊 HBAR/USDT  | قیمت: 12,418     تومان | وضعیت: HOLD               | تعداد: -        | هدف: -          | استاپ: -         | سود/زیان: - | زمان: 1405-04-20 20:47:44
📊 GRT/USDT   | قیمت: 3,160      تومان | وضعیت: HOLD               | تعداد: -        | هدف: -          | استاپ: -         | سود/زیان: - | زمان: 1405-04-20 20:47:44
📊 ANKR/USDT  | قیمت: 681.00     تومان | وضعیت: HOLD               | تعداد: -        | هدف: -          | استاپ: -         | سود/زیان: - | زمان: 1405-04-20 20:47:44
📊 TNSR/USDT  | قیمت: 5,819      تومان | وضعیت: HOLD               | تعداد: -        | هدف: -          | استاپ: -         | سود/زیان: - | زمان: 1405-04-20 20:47:44
📊 2Z/USDT    | قیمت: 12,630     تومان | وضعیت: HOLD               | تعداد: -        | هدف: -          | استاپ: -         | سود/زیان: - | زمان: 1405-04-20 20:47:44
📊 RENDER/USDT | قیمت: 278,621    تومان | وضعیت: HOLD               | تعداد: -        | هدف: -          | استاپ: -         | سود/زیان: - | زمان: 1405-04-20 20:47:44
📊 APE/USDT   | قیمت: 27,578     تومان | وضعیت: HOLD               | تعداد: -        | هدف: -          | استاپ: -         | سود/زیان: - | زمان: 1405-04-20 20:47:44
📊 DYDX/USDT  | قیمت: 22,839     تومان | وضعیت: SELL               | تعداد: -        | هدف: -          | استاپ: -         | سود/زیان: - | زمان: 1405-04-20 20:47:44
📊 BASED/USDT | قیمت: 17,311     تومان | وضعیت: HOLD               | تعداد: -        | هدف: -          | استاپ: -         | سود/زیان: - | زمان: 1405-04-20 20:47:44
📊 ONE/USDT   | قیمت: 218.00     تومان | وضعیت: HOLD               | تعداد: -        | هدف: -          | استاپ: -         | سود/زیان: - | زمان: 1405-04-20 20:47:44
📊 BICO/USDT  | قیمت: 2,526      تومان | وضعیت: HOLD               | تعداد: -        | هدف: -          | استاپ: -         | سود/زیان: - | زمان: 1405-04-20 20:47:44

--- چرخه بعدی پایش در ۳۰۰ ثانیه آینده ---

📊 BTC/USDT   | قیمت: 11,351,266,941 تومان | وضعیت: HOLD               | تعداد: -        | هدف: -          | استاپ: -         | سود/زیان: - | زمان: 1405-04-20 20:48:52
📊 ETH/USDT   | قیمت: 322,488,100 تومان | وضعیت: HOLD               | تعداد: -        | هدف: -          | استاپ: -         | سود/زیان: - | زمان: 1405-04-20 20:48:52
📊 SOL/USDT   | قیمت: 13,869,284 تومان | وضعیت: HOLD               | تعداد: -        | هدف: -          | استاپ: -         | سود/زیان: - | زمان: 1405-04-20 20:48:52
📊 AVAX/USDT  | قیمت: 1,191,825  تومان | وضعیت: HOLD               | تعداد: -        | هدف: -          | استاپ: -         | سود/زیان: - | زمان: 1405-04-20 20:48:52
📊 NEAR/USDT  | قیمت: 338,575    تومان | وضعیت: HOLD               | تعداد: -        | هدف: -          | استاپ: -         | سود/زیان: - | زمان: 1405-04-20 20:48:52
📊 SUI/USDT   | قیمت: 131,331    تومان | وضعیت: HOLD               | تعداد: -        | هدف: -          | استاپ: -         | سود/زیان: - | زمان: 1405-04-20 20:48:52
📊 TRX/USDT   | قیمت: 59,230     تومان | وضعیت: HOLD               | تعداد: -        | هدف: -          | استاپ: -         | سود/زیان: - | زمان: 1405-04-20 20:48:52
📊 XRP/USDT   | قیمت: 197,483    تومان | وضعیت: HOLD               | تعداد: -        | هدف: -          | استاپ: -         | سود/زیان: - | زمان: 1405-04-20 20:48:52
📊 ADA/USDT   | قیمت: 30,199     تومان | وضعیت: HOLD               | تعداد: -        | هدف: -          | استاپ: -         | سود/زیان: - | زمان: 1405-04-20 20:48:52
📊 DOGE/USDT  | قیمت: 13,284     تومان | وضعیت: HOLD               | تعداد: -        | هدف: -          | استاپ: -         | سود/زیان: - | زمان: 1405-04-20 20:48:52
📊 LINK/USDT  | قیمت: 1,422,562  تومان | وضعیت: HOLD               | تعداد: -        | هدف: -          | استاپ: -         | سود/زیان: - | زمان: 1405-04-20 20:48:52
📊 UNI/USDT   | قیمت: 654,460    تومان | وضعیت: HOLD               | تعداد: -        | هدف: -          | استاپ: -         | سود/زیان: - | زمان: 1405-04-20 20:48:52
📊 LTC/USDT   | قیمت: 7,966,202  تومان | وضعیت: HOLD               | تعداد: -        | هدف: -          | استاپ: -         | سود/زیان: - | زمان: 1405-04-20 20:48:52
📊 BCH/USDT   | قیمت: 43,700,000 تومان | وضعیت: HOLD               | تعداد: -        | هدف: -          | استاپ: -         | سود/زیان: - | زمان: 1405-04-20 20:48:52
📊 POL/USDT   | قیمت: 14,197     تومان | وضعیت: SELL               | تعداد: -        | هدف: -          | استاپ: -         | سود/زیان: - | زمان: 1405-04-20 20:48:52
📊 ALGO/USDT  | قیمت: 15,798     تومان | وضعیت: HOLD               | تعداد: -        | هدف: -          | استاپ: -         | سود/زیان: - | زمان: 1405-04-20 20:48:52
📊 XLM/USDT   | قیمت: 33,744     تومان | وضعیت: HOLD               | تعداد: -        | هدف: -          | استاپ: -         | سود/زیان: - | زمان: 1405-04-20 20:48:52
📊 HBAR/USDT  | قیمت: 12,418     تومان | وضعیت: HOLD               | تعداد: -        | هدف: -          | استاپ: -         | سود/زیان: - | زمان: 1405-04-20 20:48:52
📊 GRT/USDT   | قیمت: 3,160      تومان | وضعیت: HOLD               | تعداد: -        | هدف: -          | استاپ: -         | سود/زیان: - | زمان: 1405-04-20 20:48:52
📊 ANKR/USDT  | قیمت: 681.00     تومان | وضعیت: HOLD               | تعداد: -        | هدف: -          | استاپ: -         | سود/زیان: - | زمان: 1405-04-20 20:48:52
📊 TNSR/USDT  | قیمت: 5,819      تومان | وضعیت: HOLD               | تعداد: -        | هدف: -          | استاپ: -         | سود/زیان: - | زمان: 1405-04-20 20:48:52
📊 2Z/USDT    | قیمت: 12,630     تومان | وضعیت: HOLD               | تعداد: -        | هدف: -          | استاپ: -         | سود/زیان: - | زمان: 1405-04-20 20:48:52
📊 RENDER/USDT | قیمت: 278,621    تومان | وضعیت: HOLD               | تعداد: -        | هدف: -          | استاپ: -         | سود/زیان: - | زمان: 1405-04-20 20:48:52
📊 APE/USDT   | قیمت: 27,578     تومان | وضعیت: HOLD               | تعداد: -        | هدف: -          | استاپ: -         | سود/زیان: - | زمان: 1405-04-20 20:48:52
📊 DYDX/USDT  | قیمت: 22,839     تومان | وضعیت: SELL               | تعداد: -        | هدف: -          | استاپ: -         | سود/زیان: - | زمان: 1405-04-20 20:48:52
📊 BASED/USDT | قیمت: 17,423     تومان | وضعیت: HOLD               | تعداد: -        | هدف: -          | استاپ: -         | سود/زیان: - | زمان: 1405-04-20 20:48:52
📊 ONE/USDT   | قیمت: 218.00     تومان | وضعیت: HOLD               | تعداد: -        | هدف: -          | استاپ: -         | سود/زیان: - | زمان: 1405-04-20 20:48:52
📊 BICO/USDT  | قیمت: 2,526      تومان | وضعیت: HOLD               | تعداد: -        | هدف: -          | استاپ: -         | سود/زیان: - | زمان: 1405-04-20 20:48:52

--- چرخه بعدی پایش در ۳۰۰ ثانیه آینده ---

📊 BTC/USDT   | قیمت: 11,348,926,349 تومان | وضعیت: HOLD               | تعداد: -        | هدف: -          | استاپ: -         | سود/زیان: - | زمان: 1405-04-20 20:54:21
📊 ETH/USDT   | قیمت: 322,273,874 تومان | وضعیت: HOLD               | تعداد: -        | هدف: -          | استاپ: -         | سود/زیان: - | زمان: 1405-04-20 20:54:21
📊 SOL/USDT   | قیمت: 13,869,344 تومان | وضعیت: HOLD               | تعداد: -        | هدف: -          | استاپ: -         | سود/زیان: - | زمان: 1405-04-20 20:54:21
📊 AVAX/USDT  | قیمت: 1,191,819  تومان | وضعیت: HOLD               | تعداد: -        | هدف: -          | استاپ: -         | سود/زیان: - | زمان: 1405-04-20 20:54:21
📊 NEAR/USDT  | قیمت: 339,001    تومان | وضعیت: HOLD               | تعداد: -        | هدف: -          | استاپ: -         | سود/زیان: - | زمان: 1405-04-20 20:54:21
📊 SUI/USDT   | قیمت: 131,331    تومان | وضعیت: HOLD               | تعداد: -        | هدف: -          | استاپ: -         | سود/زیان: - | زمان: 1405-04-20 20:54:21
📊 TRX/USDT   | قیمت: 59,200     تومان | وضعیت: HOLD               | تعداد: -        | هدف: -          | استاپ: -         | سود/زیان: - | زمان: 1405-04-20 20:54:21
📊 XRP/USDT   | قیمت: 197,480    تومان | وضعیت: HOLD               | تعداد: -        | هدف: -          | استاپ: -         | سود/زیان: - | زمان: 1405-04-20 20:54:21
📊 ADA/USDT   | قیمت: 30,271     تومان | وضعیت: HOLD               | تعداد: -        | هدف: -          | استاپ: -         | سود/زیان: - | زمان: 1405-04-20 20:54:21
📊 DOGE/USDT  | قیمت: 13,318     تومان | وضعیت: HOLD               | تعداد: -        | هدف: -          | استاپ: -         | سود/زیان: - | زمان: 1405-04-20 20:54:21
📊 LINK/USDT  | قیمت: 1,422,736  تومان | وضعیت: HOLD               | تعداد: -        | هدف: -          | استاپ: -         | سود/زیان: - | زمان: 1405-04-20 20:54:21
📊 UNI/USDT   | قیمت: 649,727    تومان | وضعیت: HOLD               | تعداد: -        | هدف: -          | استاپ: -         | سود/زیان: - | زمان: 1405-04-20 20:54:21
📊 LTC/USDT   | قیمت: 8,029,427  تومان | وضعیت: HOLD               | تعداد: -        | هدف: -          | استاپ: -         | سود/زیان: - | زمان: 1405-04-20 20:54:21
📊 BCH/USDT   | قیمت: 43,577,566 تومان | وضعیت: HOLD               | تعداد: -        | هدف: -          | استاپ: -         | سود/زیان: - | زمان: 1405-04-20 20:54:21
📊 POL/USDT   | قیمت: 14,194     تومان | وضعیت: SELL               | تعداد: -        | هدف: -          | استاپ: -         | سود/زیان: - | زمان: 1405-04-20 20:54:21
📊 ALGO/USDT  | قیمت: 15,798     تومان | وضعیت: HOLD               | تعداد: -        | هدف: -          | استاپ: -         | سود/زیان: - | زمان: 1405-04-20 20:54:21
📊 XLM/USDT   | قیمت: 33,744     تومان | وضعیت: HOLD               | تعداد: -        | هدف: -          | استاپ: -         | سود/زیان: - | زمان: 1405-04-20 20:54:21
📊 HBAR/USDT  | قیمت: 12,418     تومان | وضعیت: HOLD               | تعداد: -        | هدف: -          | استاپ: -         | سود/زیان: - | زمان: 1405-04-20 20:54:21
📊 GRT/USDT   | قیمت: 3,160      تومان | وضعیت: HOLD               | تعداد: -        | هدف: -          | استاپ: -         | سود/زیان: - | زمان: 1405-04-20 20:54:21
📊 ANKR/USDT  | قیمت: 681.00     تومان | وضعیت: HOLD               | تعداد: -        | هدف: -          | استاپ: -         | سود/زیان: - | زمان: 1405-04-20 20:54:21
📊 TNSR/USDT  | قیمت: 5,804      تومان | وضعیت: HOLD               | تعداد: -        | هدف: -          | استاپ: -         | سود/زیان: - | زمان: 1405-04-20 20:54:21
📊 2Z/USDT    | قیمت: 12,630     تومان | وضعیت: HOLD               | تعداد: -        | هدف: -          | استاپ: -         | سود/زیان: - | زمان: 1405-04-20 20:54:21
📊 RENDER/USDT | قیمت: 278,621    تومان | وضعیت: HOLD               | تعداد: -        | هدف: -          | استاپ: -         | سود/زیان: - | زمان: 1405-04-20 20:54:21
📊 APE/USDT   | قیمت: 27,467     تومان | وضعیت: HOLD               | تعداد: -        | هدف: -          | استاپ: -         | سود/زیان: - | زمان: 1405-04-20 20:54:21
📊 DYDX/USDT  | قیمت: 22,716     تومان | وضعیت: SELL               | تعداد: -        | هدف: -          | استاپ: -         | سود/زیان: - | زمان: 1405-04-20 20:54:21
📊 BTC/USDT   | قیمت: 11,373,998,995 تومان | وضعیت: HOLD               | تعداد: -        | هدف: -          | استاپ: -         | سود/زیان: - | زمان: 1405-04-20 20:54:55
📊 ETH/USDT   | قیمت: 322,273,874 تومان | وضعیت: HOLD               | تعداد: -        | هدف: -          | استاپ: -         | سود/زیان: - | زمان: 1405-04-20 20:54:55
📊 SOL/USDT   | قیمت: 13,869,344 تومان | وضعیت: HOLD               | تعداد: -        | هدف: -          | استاپ: -         | سود/زیان: - | زمان: 1405-04-20 20:54:55
📊 AVAX/USDT  | قیمت: 1,191,819  تومان | وضعیت: HOLD               | تعداد: -        | هدف: -          | استاپ: -         | سود/زیان: - | زمان: 1405-04-20 20:54:55
📊 NEAR/USDT  | قیمت: 339,001    تومان | وضعیت: HOLD               | تعداد: -        | هدف: -          | استاپ: -         | سود/زیان: - | زمان: 1405-04-20 20:54:55
📊 SUI/USDT   | قیمت: 131,800    تومان | وضعیت: HOLD               | تعداد: -        | هدف: -          | استاپ: -         | سود/زیان: - | زمان: 1405-04-20 20:54:55
📊 TRX/USDT   | قیمت: 59,220     تومان | وضعیت: HOLD               | تعداد: -        | هدف: -          | استاپ: -         | سود/زیان: - | زمان: 1405-04-20 20:54:55
📊 XRP/USDT   | قیمت: 197,480    تومان | وضعیت: HOLD               | تعداد: -        | هدف: -          | استاپ: -         | سود/زیان: - | زمان: 1405-04-20 20:54:55
📊 ADA/USDT   | قیمت: 30,271     تومان | وضعیت: HOLD               | تعداد: -        | هدف: -          | استاپ: -         | سود/زیان: - | زمان: 1405-04-20 20:54:55
📊 DOGE/USDT  | قیمت: 13,331     تومان | وضعیت: HOLD               | تعداد: -        | هدف: -          | استاپ: -         | سود/زیان: - | زمان: 1405-04-20 20:54:55
📊 LINK/USDT  | قیمت: 1,422,736  تومان | وضعیت: HOLD               | تعداد: -        | هدف: -          | استاپ: -         | سود/زیان: - | زمان: 1405-04-20 20:54:55
📊 UNI/USDT   | قیمت: 649,000    تومان | وضعیت: HOLD               | تعداد: -        | هدف: -          | استاپ: -         | سود/زیان: - | زمان: 1405-04-20 20:54:55
📊 LTC/USDT   | قیمت: 8,029,427  تومان | وضعیت: HOLD               | تعداد: -        | هدف: -          | استاپ: -         | سود/زیان: - | زمان: 1405-04-20 20:54:55
📊 BCH/USDT   | قیمت: 43,577,566 تومان | وضعیت: HOLD               | تعداد: -        | هدف: -          | استاپ: -         | سود/زیان: - | زمان: 1405-04-20 20:54:55
📊 POL/USDT   | قیمت: 14,194     تومان | وضعیت: SELL               | تعداد: -        | هدف: -          | استاپ: -         | سود/زیان: - | زمان: 1405-04-20 20:54:55
📊 ALGO/USDT  | قیمت: 15,798     تومان | وضعیت: HOLD               | تعداد: -        | هدف: -          | استاپ: -         | سود/زیان: - | زمان: 1405-04-20 20:54:55
📊 XLM/USDT   | قیمت: 33,744     تومان | وضعیت: HOLD               | تعداد: -        | هدف: -          | استاپ: -         | سود/زیان: - | زمان: 1405-04-20 20:54:55
📊 HBAR/USDT  | قیمت: 12,418     تومان | وضعیت: HOLD               | تعداد: -        | هدف: -          | استاپ: -         | سود/زیان: - | زمان: 1405-04-20 20:54:55
📊 GRT/USDT   | قیمت: 3,160      تومان | وضعیت: HOLD               | تعداد: -        | هدف: -          | استاپ: -         | سود/زیان: - | زمان: 1405-04-20 20:54:55
📊 ANKR/USDT  | قیمت: 688.00     تومان | وضعیت: HOLD               | تعداد: -        | هدف: -          | استاپ: -         | سود/زیان: - | زمان: 1405-04-20 20:54:55
📊 HMSTR/USDT | قیمت: 37.20      تومان | وضعیت: SELL               | تعداد: -        | هدف: -          | استاپ: -         | سود/زیان: - | زمان: 1405-04-20 20:54:55
📊 TNSR/USDT  | قیمت: 5,804      تومان | وضعیت: HOLD               | تعداد: -        | هدف: -          | استاپ: -         | سود/زیان: - | زمان: 1405-04-20 20:54:55
📊 2Z/USDT    | قیمت: 12,630     تومان | وضعیت: HOLD               | تعداد: -        | هدف: -          | استاپ: -         | سود/زیان: - | زمان: 1405-04-20 20:54:55
📊 RENDER/USDT | قیمت: 278,621    تومان | وضعیت: HOLD               | تعداد: -        | هدف: -          | استاپ: -         | سود/زیان: - | زمان: 1405-04-20 20:54:55
📊 APE/USDT   | قیمت: 27,467     تومان | وضعیت: HOLD               | تعداد: -        | هدف: -          | استاپ: -         | سود/زیان: - | زمان: 1405-04-20 20:54:55
📊 DYDX/USDT  | قیمت: 22,716     تومان | وضعیت: SELL               | تعداد: -        | هدف: -          | استاپ: -         | سود/زیان: - | زمان: 1405-04-20 20:54:55
📊 BASED/USDT | قیمت: 17,330     تومان | وضعیت: HOLD               | تعداد: -        | هدف: -          | استاپ: -         | سود/زیان: - | زمان: 1405-04-20 20:54:55
📊 ONE/USDT   | قیمت: 218.00     تومان | وضعیت: HOLD               | تعداد: -        | هدف: -          | استاپ: -         | سود/زیان: - | زمان: 1405-04-20 20:54:55
📊 BICO/USDT  | قیمت: 2,530      تومان | وضعیت: HOLD               | تعداد: -        | هدف: -          | استاپ: -         | سود/زیان: - | زمان: 1405-04-20 20:54:55

--- چرخه بعدی پایش در ۳۰۰ ثانیه آینده ---

📊 BTC/USDT   | قیمت: 11,351,821,363 تومان | وضعیت: HOLD               | تعداد: -        | هدف: -          | استاپ: -         | سود/زیان: - | زمان: 1405-04-20 21:00:25
📊 ETH/USDT   | قیمت: 321,970,277 تومان | وضعیت: HOLD               | تعداد: -        | هدف: -          | استاپ: -         | سود/زیان: - | زمان: 1405-04-20 21:00:25
📊 SOL/USDT   | قیمت: 13,867,800 تومان | وضعیت: HOLD               | تعداد: -        | هدف: -          | استاپ: -         | سود/زیان: - | زمان: 1405-04-20 21:00:25
📊 AVAX/USDT  | قیمت: 1,191,819  تومان | وضعیت: HOLD               | تعداد: -        | هدف: -          | استاپ: -         | سود/زیان: - | زمان: 1405-04-20 21:00:25
📊 NEAR/USDT  | قیمت: 339,001    تومان | وضعیت: HOLD               | تعداد: -        | هدف: -          | استاپ: -         | سود/زیان: - | زمان: 1405-04-20 21:00:25
📊 SUI/USDT   | قیمت: 132,200    تومان | وضعیت: HOLD               | تعداد: -        | هدف: -          | استاپ: -         | سود/زیان: - | زمان: 1405-04-20 21:00:25
📊 TRX/USDT   | قیمت: 59,219     تومان | وضعیت: HOLD               | تعداد: -        | هدف: -          | استاپ: -         | سود/زیان: - | زمان: 1405-04-20 21:00:25
📊 XRP/USDT   | قیمت: 197,496    تومان | وضعیت: HOLD               | تعداد: -        | هدف: -          | استاپ: -         | سود/زیان: - | زمان: 1405-04-20 21:00:25
📊 ADA/USDT   | قیمت: 30,357     تومان | وضعیت: HOLD               | تعداد: -        | هدف: -          | استاپ: -         | سود/زیان: - | زمان: 1405-04-20 21:00:25
📊 DOGE/USDT  | قیمت: 13,340     تومان | وضعیت: HOLD               | تعداد: -        | هدف: -          | استاپ: -         | سود/زیان: - | زمان: 1405-04-20 21:00:25
📊 LINK/USDT  | قیمت: 1,426,480  تومان | وضعیت: HOLD               | تعداد: -        | هدف: -          | استاپ: -         | سود/زیان: - | زمان: 1405-04-20 21:00:25
📊 UNI/USDT   | قیمت: 649,000    تومان | وضعیت: HOLD               | تعداد: -        | هدف: -          | استاپ: -         | سود/زیان: - | زمان: 1405-04-20 21:00:25
📊 LTC/USDT   | قیمت: 7,967,747  تومان | وضعیت: HOLD               | تعداد: -        | هدف: -          | استاپ: -         | سود/زیان: - | زمان: 1405-04-20 21:00:25
📊 BCH/USDT   | قیمت: 43,700,000 تومان | وضعیت: HOLD               | تعداد: -        | هدف: -          | استاپ: -         | سود/زیان: - | زمان: 1405-04-20 21:00:25
📊 POL/USDT   | قیمت: 14,087     تومان | وضعیت: HOLD               | تعداد: -        | هدف: -          | استاپ: -         | سود/زیان: - | زمان: 1405-04-20 21:00:25
📊 ALGO/USDT  | قیمت: 15,798     تومان | وضعیت: HOLD               | تعداد: -        | هدف: -          | استاپ: -         | سود/زیان: - | زمان: 1405-04-20 21:00:25
📊 XLM/USDT   | قیمت: 33,797     تومان | وضعیت: HOLD               | تعداد: -        | هدف: -          | استاپ: -         | سود/زیان: - | زمان: 1405-04-20 21:00:25
📊 HBAR/USDT  | قیمت: 12,376     تومان | وضعیت: HOLD               | تعداد: -        | هدف: -          | استاپ: -         | سود/زیان: - | زمان: 1405-04-20 21:00:25
📊 GRT/USDT   | قیمت: 3,200      تومان | وضعیت: HOLD               | تعداد: -        | هدف: -          | استاپ: -         | سود/زیان: - | زمان: 1405-04-20 21:00:25
📊 ANKR/USDT  | قیمت: 687.00     تومان | وضعیت: HOLD               | تعداد: -        | هدف: -          | استاپ: -         | سود/زیان: - | زمان: 1405-04-20 21:00:25
📊 TNSR/USDT  | قیمت: 5,832      تومان | وضعیت: HOLD               | تعداد: -        | هدف: -          | استاپ: -         | سود/زیان: - | زمان: 1405-04-20 21:00:25
📊 2Z/USDT    | قیمت: 12,630     تومان | وضعیت: SELL               | تعداد: -        | هدف: -          | استاپ: -         | سود/زیان: - | زمان: 1405-04-20 21:00:25
📊 RENDER/USDT | قیمت: 278,621    تومان | وضعیت: HOLD               | تعداد: -        | هدف: -          | استاپ: -         | سود/زیان: - | زمان: 1405-04-20 21:00:25
📊 APE/USDT   | قیمت: 27,467     تومان | وضعیت: HOLD               | تعداد: -        | هدف: -          | استاپ: -         | سود/زیان: - | زمان: 1405-04-20 21:00:25
📊 DYDX/USDT  | قیمت: 22,716     تومان | وضعیت: HOLD               | تعداد: -        | هدف: -          | استاپ: -         | سود/زیان: - | زمان: 1405-04-20 21:00:25
📊 BASED/USDT | قیمت: 17,442     تومان | وضعیت: HOLD               | تعداد: -        | هدف: -          | استاپ: -         | سود/زیان: - | زمان: 1405-04-20 21:00:25
📊 ONE/USDT   | قیمت: 219.00     تومان | وضعیت: HOLD               | تعداد: -        | هدف: -          | استاپ: -         | سود/زیان: - | زمان: 1405-04-20 21:00:25
📊 BICO/USDT  | قیمت: 2,527      تومان | وضعیت: HOLD               | تعداد: -        | هدف: -          | استاپ: -         | سود/زیان: - | زمان: 1405-04-20 21:00:25

--- چرخه بعدی پایش در ۳۰۰ ثانیه آینده ---

📊 BTC/USDT   | قیمت: 11,374,000,020.00 تومان | وضعیت: HOLD               | تعداد: -        | هدف: -          | استاپ: -         | سود/زیان: - | زمان: 1405-04-20 21:02:19
📊 ETH/USDT   | قیمت: 321,977,001.00 تومان | وضعیت: HOLD               | تعداد: -        | هدف: -          | استاپ: -         | سود/زیان: - | زمان: 1405-04-20 21:02:19
📊 SOL/USDT   | قیمت: 13,867,798.00 تومان | وضعیت: HOLD               | تعداد: -        | هدف: -          | استاپ: -         | سود/زیان: - | زمان: 1405-04-20 21:02:19
📊 AVAX/USDT  | قیمت: 1,191,819.00 تومان | وضعیت: HOLD               | تعداد: -        | هدف: -          | استاپ: -         | سود/زیان: - | زمان: 1405-04-20 21:02:19
📊 NEAR/USDT  | قیمت: 339,001.00 تومان | وضعیت: HOLD               | تعداد: -        | هدف: -          | استاپ: -         | سود/زیان: - | زمان: 1405-04-20 21:02:19
📊 SUI/USDT   | قیمت: 132,460.00 تومان | وضعیت: HOLD               | تعداد: -        | هدف: -          | استاپ: -         | سود/زیان: - | زمان: 1405-04-20 21:02:19
📊 TRX/USDT   | قیمت: 59,340.00  تومان | وضعیت: HOLD               | تعداد: -        | هدف: -          | استاپ: -         | سود/زیان: - | زمان: 1405-04-20 21:02:19
📊 XRP/USDT   | قیمت: 197,496.00 تومان | وضعیت: HOLD               | تعداد: -        | هدف: -          | استاپ: -         | سود/زیان: - | زمان: 1405-04-20 21:02:19
📊 ADA/USDT   | قیمت: 30,349.00  تومان | وضعیت: HOLD               | تعداد: -        | هدف: -          | استاپ: -         | سود/زیان: - | زمان: 1405-04-20 21:02:19
📊 DOGE/USDT  | قیمت: 13,338.00  تومان | وضعیت: HOLD               | تعداد: -        | هدف: -          | استاپ: -         | سود/زیان: - | زمان: 1405-04-20 21:02:19
📊 LINK/USDT  | قیمت: 1,430,000.00 تومان | وضعیت: HOLD               | تعداد: -        | هدف: -          | استاپ: -         | سود/زیان: - | زمان: 1405-04-20 21:02:19
📊 UNI/USDT   | قیمت: 649,000.00 تومان | وضعیت: HOLD               | تعداد: -        | هدف: -          | استاپ: -         | سود/زیان: - | زمان: 1405-04-20 21:02:19
📊 LTC/USDT   | قیمت: 7,967,747.00 تومان | وضعیت: HOLD               | تعداد: -        | هدف: -          | استاپ: -         | سود/زیان: - | زمان: 1405-04-20 21:02:19
📊 BCH/USDT   | قیمت: 43,700,000.00 تومان | وضعیت: HOLD               | تعداد: -        | هدف: -          | استاپ: -         | سود/زیان: - | زمان: 1405-04-20 21:02:19
📊 POL/USDT   | قیمت: 14,120.00  تومان | وضعیت: HOLD               | تعداد: -        | هدف: -          | استاپ: -         | سود/زیان: - | زمان: 1405-04-20 21:02:19
📊 ALGO/USDT  | قیمت: 15,797.00  تومان | وضعیت: HOLD               | تعداد: -        | هدف: -          | استاپ: -         | سود/زیان: - | زمان: 1405-04-20 21:02:19
📊 XLM/USDT   | قیمت: 33,797.00  تومان | وضعیت: HOLD               | تعداد: -        | هدف: -          | استاپ: -         | سود/زیان: - | زمان: 1405-04-20 21:02:19
📊 HBAR/USDT  | قیمت: 12,376.00  تومان | وضعیت: HOLD               | تعداد: -        | هدف: -          | استاپ: -         | سود/زیان: - | زمان: 1405-04-20 21:02:19
📊 GRT/USDT   | قیمت: 3,200.00   تومان | وضعیت: HOLD               | تعداد: -        | هدف: -          | استاپ: -         | سود/زیان: - | زمان: 1405-04-20 21:02:19
📊 ANKR/USDT  | قیمت: 685.00     تومان | وضعیت: HOLD               | تعداد: -        | هدف: -          | استاپ: -         | سود/زیان: - | زمان: 1405-04-20 21:02:19
📊 TNSR/USDT  | قیمت: 5,832.00   تومان | وضعیت: HOLD               | تعداد: -        | هدف: -          | استاپ: -         | سود/زیان: - | زمان: 1405-04-20 21:02:19
📊 2Z/USDT    | قیمت: 12,630.00  تومان | وضعیت: SELL               | تعداد: -        | هدف: -          | استاپ: -         | سود/زیان: - | زمان: 1405-04-20 21:02:19
📊 RENDER/USDT | قیمت: 278,621.00 تومان | وضعیت: HOLD               | تعداد: -        | هدف: -          | استاپ: -         | سود/زیان: - | زمان: 1405-04-20 21:02:19
📊 APE/USDT   | قیمت: 27,467.00  تومان | وضعیت: HOLD               | تعداد: -        | هدف: -          | استاپ: -         | سود/زیان: - | زمان: 1405-04-20 21:02:19
📊 DYDX/USDT  | قیمت: 22,741.00  تومان | وضعیت: HOLD               | تعداد: -        | هدف: -          | استاپ: -         | سود/زیان: - | زمان: 1405-04-20 21:02:19
📊 BASED/USDT | قیمت: 17,522.00  تومان | وضعیت: HOLD               | تعداد: -        | هدف: -          | استاپ: -         | سود/زیان: - | زمان: 1405-04-20 21:02:19
📊 ONE/USDT   | قیمت: 220.00     تومان | وضعیت: HOLD               | تعداد: -        | هدف: -          | استاپ: -         | سود/زیان: - | زمان: 1405-04-20 21:02:19
📊 BICO/USDT  | قیمت: 2,518.00   تومان | وضعیت: HOLD               | تعداد: -        | هدف: -          | استاپ: -         | سود/زیان: - | زمان: 1405-04-20 21:02:19

--- چرخه بعدی پایش در ۳۰۰ ثانیه آینده ---

📊 BTC/USDT   | قیمت: 11,390,000,000.00 تومان | وضعیت: HOLD               | تعداد: -        | هدف: -          | استاپ: -         | سود/زیان: - | زمان: 1405-04-20 21:03:08
📊 ETH/USDT   | قیمت: 322,498,000.00 تومان | وضعیت: HOLD               | تعداد: -        | هدف: -          | استاپ: -         | سود/زیان: - | زمان: 1405-04-20 21:03:08
📊 SOL/USDT   | قیمت: 13,867,800.00 تومان | وضعیت: HOLD               | تعداد: -        | هدف: -          | استاپ: -         | سود/زیان: - | زمان: 1405-04-20 21:03:08
📊 AVAX/USDT  | قیمت: 1,191,819.00 تومان | وضعیت: HOLD               | تعداد: -        | هدف: -          | استاپ: -         | سود/زیان: - | زمان: 1405-04-20 21:03:08
📊 NEAR/USDT  | قیمت: 339,001.00 تومان | وضعیت: HOLD               | تعداد: -        | هدف: -          | استاپ: -         | سود/زیان: - | زمان: 1405-04-20 21:03:08
📊 BTC/USDT   | قیمت: 11,365,315,096.00 تومان | وضعیت: HOLD               | تعداد: -        | هدف: -          | استاپ: -         | سود/زیان: - | زمان: 1405-04-20 21:04:43
📊 ETH/USDT   | قیمت: 322,489,000.00 تومان | وضعیت: HOLD               | تعداد: -        | هدف: -          | استاپ: -         | سود/زیان: - | زمان: 1405-04-20 21:04:43
📊 SOL/USDT   | قیمت: 13,867,799.00 تومان | وضعیت: HOLD               | تعداد: -        | هدف: -          | استاپ: -         | سود/زیان: - | زمان: 1405-04-20 21:04:43
📊 AVAX/USDT  | قیمت: 1,191,819.00 تومان | وضعیت: HOLD               | تعداد: -        | هدف: -          | استاپ: -         | سود/زیان: - | زمان: 1405-04-20 21:04:43
📊 NEAR/USDT  | قیمت: 339,001.00 تومان | وضعیت: HOLD               | تعداد: -        | هدف: -          | استاپ: -         | سود/زیان: - | زمان: 1405-04-20 21:04:43
📊 SUI/USDT   | قیمت: 132,300.00 تومان | وضعیت: HOLD               | تعداد: -        | هدف: -          | استاپ: -         | سود/زیان: - | زمان: 1405-04-20 21:04:43
📊 TRX/USDT   | قیمت: 59,161.00  تومان | وضعیت: HOLD               | تعداد: -        | هدف: -          | استاپ: -         | سود/زیان: - | زمان: 1405-04-20 21:04:43
📊 XRP/USDT   | قیمت: 197,200.00 تومان | وضعیت: HOLD               | تعداد: -        | هدف: -          | استاپ: -         | سود/زیان: - | زمان: 1405-04-20 21:04:43
📊 ADA/USDT   | قیمت: 30,340.00  تومان | وضعیت: HOLD               | تعداد: -        | هدف: -          | استاپ: -         | سود/زیان: - | زمان: 1405-04-20 21:04:43
📊 DOGE/USDT  | قیمت: 13,319.00  تومان | وضعیت: HOLD               | تعداد: -        | هدف: -          | استاپ: -         | سود/زیان: - | زمان: 1405-04-20 21:04:43
📊 LINK/USDT  | قیمت: 1,430,000.00 تومان | وضعیت: HOLD               | تعداد: -        | هدف: -          | استاپ: -         | سود/زیان: - | زمان: 1405-04-20 21:04:43
📊 UNI/USDT   | قیمت: 652,951.00 تومان | وضعیت: HOLD               | تعداد: -        | هدف: -          | استاپ: -         | سود/زیان: - | زمان: 1405-04-20 21:04:43
📊 LTC/USDT   | قیمت: 8,012,238.00 تومان | وضعیت: HOLD               | تعداد: -        | هدف: -          | استاپ: -         | سود/زیان: - | زمان: 1405-04-20 21:04:43
📊 BCH/USDT   | قیمت: 43,700,000.00 تومان | وضعیت: HOLD               | تعداد: -        | هدف: -          | استاپ: -         | سود/زیان: - | زمان: 1405-04-20 21:04:43
📊 POL/USDT   | قیمت: 14,115.00  تومان | وضعیت: HOLD               | تعداد: -        | هدف: -          | استاپ: -         | سود/زیان: - | زمان: 1405-04-20 21:04:43
📊 ALGO/USDT  | قیمت: 15,797.00  تومان | وضعیت: HOLD               | تعداد: -        | هدف: -          | استاپ: -         | سود/زیان: - | زمان: 1405-04-20 21:04:43
📊 XLM/USDT   | قیمت: 33,831.00  تومان | وضعیت: HOLD               | تعداد: -        | هدف: -          | استاپ: -         | سود/زیان: - | زمان: 1405-04-20 21:04:43
📊 HBAR/USDT  | قیمت: 12,376.00  تومان | وضعیت: HOLD               | تعداد: -        | هدف: -          | استاپ: -         | سود/زیان: - | زمان: 1405-04-20 21:04:43
📊 GRT/USDT   | قیمت: 3,200.00   تومان | وضعیت: HOLD               | تعداد: -        | هدف: -          | استاپ: -         | سود/زیان: - | زمان: 1405-04-20 21:04:43
📊 ANKR/USDT  | قیمت: 685.00     تومان | وضعیت: HOLD               | تعداد: -        | هدف: -          | استاپ: -         | سود/زیان: - | زمان: 1405-04-20 21:04:43
📊 TNSR/USDT  | قیمت: 5,832.00   تومان | وضعیت: HOLD               | تعداد: -        | هدف: -          | استاپ: -         | سود/زیان: - | زمان: 1405-04-20 21:04:43
📊 2Z/USDT    | قیمت: 12,630.00  تومان | وضعیت: SELL               | تعداد: -        | هدف: -          | استاپ: -         | سود/زیان: - | زمان: 1405-04-20 21:04:43
📊 RENDER/USDT | قیمت: 278,621.00 تومان | وضعیت: HOLD               | تعداد: -        | هدف: -          | استاپ: -         | سود/زیان: - | زمان: 1405-04-20 21:04:43
📊 APE/USDT   | قیمت: 27,520.00  تومان | وضعیت: HOLD               | تعداد: -        | هدف: -          | استاپ: -         | سود/زیان: - | زمان: 1405-04-20 21:04:43
📊 DYDX/USDT  | قیمت: 22,741.00  تومان | وضعیت: HOLD               | تعداد: -        | هدف: -          | استاپ: -         | سود/زیان: - | زمان: 1405-04-20 21:04:43
📊 BASED/USDT | قیمت: 17,522.00  تومان | وضعیت: HOLD               | تعداد: -        | هدف: -          | استاپ: -         | سود/زیان: - | زمان: 1405-04-20 21:04:43
📊 ONE/USDT   | قیمت: 220.00     تومان | وضعیت: HOLD               | تعداد: -        | هدف: -          | استاپ: -         | سود/زیان: - | زمان: 1405-04-20 21:04:43
📊 BICO/USDT  | قیمت: 2,518.00   تومان | وضعیت: HOLD               | تعداد: -        | هدف: -          | استاپ: -         | سود/زیان: - | زمان: 1405-04-20 21:04:43

--- چرخه بعدی پایش در ۳۰۰ ثانیه آینده ---

📊 BTC/USDT   | قیمت: 11,365,315,096.00 تومان | وضعیت: HOLD               | تعداد: -        | هدف: -          | استاپ: -         | سود/زیان: - | زمان: 1405-04-20 21:05:46
📊 ETH/USDT   | قیمت: 322,649,000.00 تومان | وضعیت: HOLD               | تعداد: -        | هدف: -          | استاپ: -         | سود/زیان: - | زمان: 1405-04-20 21:05:46
📊 SOL/USDT   | قیمت: 13,867,799.00 تومان | وضعیت: HOLD               | تعداد: -        | هدف: -          | استاپ: -         | سود/زیان: - | زمان: 1405-04-20 21:05:46
📊 AVAX/USDT  | قیمت: 1,191,819.00 تومان | وضعیت: HOLD               | تعداد: -        | هدف: -          | استاپ: -         | سود/زیان: - | زمان: 1405-04-20 21:05:46
📊 NEAR/USDT  | قیمت: 339,001.00 تومان | وضعیت: HOLD               | تعداد: -        | هدف: -          | استاپ: -         | سود/زیان: - | زمان: 1405-04-20 21:05:46
📊 BTC/USDT   | قیمت: 11,399,000,000 تومان | وضعیت: HOLD               | تعداد: -        | هدف: -          | استاپ: -         | سود/زیان: - | زمان: 1405-04-20 21:09:42
📊 ETH/USDT   | قیمت: 323,044,309 تومان | وضعیت: HOLD               | تعداد: -        | هدف: -          | استاپ: -         | سود/زیان: - | زمان: 1405-04-20 21:09:42
📊 SOL/USDT   | قیمت: 13,947,991 تومان | وضعیت: HOLD               | تعداد: -        | هدف: -          | استاپ: -         | سود/زیان: - | زمان: 1405-04-20 21:09:42
📊 AVAX/USDT  | قیمت: 1,191,819  تومان | وضعیت: HOLD               | تعداد: -        | هدف: -          | استاپ: -         | سود/زیان: - | زمان: 1405-04-20 21:09:42
📊 NEAR/USDT  | قیمت: 339,001    تومان | وضعیت: HOLD               | تعداد: -        | هدف: -          | استاپ: -         | سود/زیان: - | زمان: 1405-04-20 21:09:42
📊 SUI/USDT   | قیمت: 132,300    تومان | وضعیت: HOLD               | تعداد: -        | هدف: -          | استاپ: -         | سود/زیان: - | زمان: 1405-04-20 21:09:42
📊 TRX/USDT   | قیمت: 59,330     تومان | وضعیت: HOLD               | تعداد: -        | هدف: -          | استاپ: -         | سود/زیان: - | زمان: 1405-04-20 21:09:42
📊 XRP/USDT   | قیمت: 197,202    تومان | وضعیت: HOLD               | تعداد: -        | هدف: -          | استاپ: -         | سود/زیان: - | زمان: 1405-04-20 21:09:42
📊 ADA/USDT   | قیمت: 30,308     تومان | وضعیت: HOLD               | تعداد: -        | هدف: -          | استاپ: -         | سود/زیان: - | زمان: 1405-04-20 21:09:42
📊 DOGE/USDT  | قیمت: 13,302     تومان | وضعیت: HOLD               | تعداد: -        | هدف: -          | استاپ: -         | سود/زیان: - | زمان: 1405-04-20 21:09:42
📊 LINK/USDT  | قیمت: 1,431,111  تومان | وضعیت: HOLD               | تعداد: -        | هدف: -          | استاپ: -         | سود/زیان: - | زمان: 1405-04-20 21:09:42
📊 UNI/USDT   | قیمت: 656,585    تومان | وضعیت: HOLD               | تعداد: -        | هدف: -          | استاپ: -         | سود/زیان: - | زمان: 1405-04-20 21:09:42
📊 LTC/USDT   | قیمت: 8,012,237  تومان | وضعیت: HOLD               | تعداد: -        | هدف: -          | استاپ: -         | سود/زیان: - | زمان: 1405-04-20 21:09:42
📊 BCH/USDT   | قیمت: 43,700,000 تومان | وضعیت: HOLD               | تعداد: -        | هدف: -          | استاپ: -         | سود/زیان: - | زمان: 1405-04-20 21:09:42
📊 POL/USDT   | قیمت: 14,190     تومان | وضعیت: HOLD               | تعداد: -        | هدف: -          | استاپ: -         | سود/زیان: - | زمان: 1405-04-20 21:09:42
📊 ALGO/USDT  | قیمت: 16,000     تومان | وضعیت: HOLD               | تعداد: -        | هدف: -          | استاپ: -         | سود/زیان: - | زمان: 1405-04-20 21:09:42
📊 XLM/USDT   | قیمت: 33,831     تومان | وضعیت: HOLD               | تعداد: -        | هدف: -          | استاپ: -         | سود/زیان: - | زمان: 1405-04-20 21:09:42
📊 HBAR/USDT  | قیمت: 12,399     تومان | وضعیت: HOLD               | تعداد: -        | هدف: -          | استاپ: -         | سود/زیان: - | زمان: 1405-04-20 21:09:42
📊 GRT/USDT   | قیمت: 3,200      تومان | وضعیت: HOLD               | تعداد: -        | هدف: -          | استاپ: -         | سود/زیان: - | زمان: 1405-04-20 21:09:42
📊 ANKR/USDT  | قیمت: 685.00     تومان | وضعیت: HOLD               | تعداد: -        | هدف: -          | استاپ: -         | سود/زیان: - | زمان: 1405-04-20 21:09:42
📊 TNSR/USDT  | قیمت: 5,832      تومان | وضعیت: HOLD               | تعداد: -        | هدف: -          | استاپ: -         | سود/زیان: - | زمان: 1405-04-20 21:09:42
📊 2Z/USDT    | قیمت: 12,630     تومان | وضعیت: SELL               | تعداد: -        | هدف: -          | استاپ: -         | سود/زیان: - | زمان: 1405-04-20 21:09:42
📊 RENDER/USDT | قیمت: 278,621    تومان | وضعیت: HOLD               | تعداد: -        | هدف: -          | استاپ: -         | سود/زیان: - | زمان: 1405-04-20 21:09:42
📊 APE/USDT   | قیمت: 27,520     تومان | وضعیت: HOLD               | تعداد: -        | هدف: -          | استاپ: -         | سود/زیان: - | زمان: 1405-04-20 21:09:42
📊 DYDX/USDT  | قیمت: 22,850     تومان | وضعیت: HOLD               | تعداد: -        | هدف: -          | استاپ: -         | سود/زیان: - | زمان: 1405-04-20 21:09:42
📊 BASED/USDT | قیمت: 17,522     تومان | وضعیت: HOLD               | تعداد: -        | هدف: -          | استاپ: -         | سود/زیان: - | زمان: 1405-04-20 21:09:42
📊 ONE/USDT   | قیمت: 219.00     تومان | وضعیت: HOLD               | تعداد: -        | هدف: -          | استاپ: -         | سود/زیان: - | زمان: 1405-04-20 21:09:42
📊 BICO/USDT  | قیمت: 2,527      تومان | وضعیت: HOLD               | تعداد: -        | هدف: -          | استاپ: -         | سود/زیان: - | زمان: 1405-04-20 21:09:42

--- چرخه بعدی پایش در ۳۰۰ ثانیه آینده ---

📊 BTC/USDT   | قیمت: 11,370,000,000 تومان | وضعیت: HOLD               | تعداد: -        | هدف: -          | استاپ: -         | سود/زیان: - | زمان: 1405-04-20 21:10:42
📊 ETH/USDT   | قیمت: 323,387,937 تومان | وضعیت: HOLD               | تعداد: -        | هدف: -          | استاپ: -         | سود/زیان: - | زمان: 1405-04-20 21:10:42
📊 SOL/USDT   | قیمت: 13,947,991 تومان | وضعیت: HOLD               | تعداد: -        | هدف: -          | استاپ: -         | سود/زیان: - | زمان: 1405-04-20 21:10:42
📊 AVAX/USDT  | قیمت: 1,194,389  تومان | وضعیت: HOLD               | تعداد: -        | هدف: -          | استاپ: -         | سود/زیان: - | زمان: 1405-04-20 21:10:42
📊 NEAR/USDT  | قیمت: 339,003    تومان | وضعیت: HOLD               | تعداد: -        | هدف: -          | استاپ: -         | سود/زیان: - | زمان: 1405-04-20 21:10:42
📊 SUI/USDT   | قیمت: 132,300    تومان | وضعیت: HOLD               | تعداد: -        | هدف: -          | استاپ: -         | سود/زیان: - | زمان: 1405-04-20 21:10:42
📊 TRX/USDT   | قیمت: 59,327     تومان | وضعیت: HOLD               | تعداد: -        | هدف: -          | استاپ: -         | سود/زیان: - | زمان: 1405-04-20 21:10:42
📊 XRP/USDT   | قیمت: 197,500    تومان | وضعیت: HOLD               | تعداد: -        | هدف: -          | استاپ: -         | سود/زیان: - | زمان: 1405-04-20 21:10:42
📊 ADA/USDT   | قیمت: 30,337     تومان | وضعیت: HOLD               | تعداد: -        | هدف: -          | استاپ: -         | سود/زیان: - | زمان: 1405-04-20 21:10:42
📊 DOGE/USDT  | قیمت: 13,302     تومان | وضعیت: HOLD               | تعداد: -        | هدف: -          | استاپ: -         | سود/زیان: - | زمان: 1405-04-20 21:10:42
📊 LINK/USDT  | قیمت: 1,431,111  تومان | وضعیت: HOLD               | تعداد: -        | هدف: -          | استاپ: -         | سود/زیان: - | زمان: 1405-04-20 21:10:42
📊 UNI/USDT   | قیمت: 656,585    تومان | وضعیت: HOLD               | تعداد: -        | هدف: -          | استاپ: -         | سود/زیان: - | زمان: 1405-04-20 21:10:42
📊 LTC/USDT   | قیمت: 8,012,237  تومان | وضعیت: HOLD               | تعداد: -        | هدف: -          | استاپ: -         | سود/زیان: - | زمان: 1405-04-20 21:10:42
📊 BCH/USDT   | قیمت: 43,700,000 تومان | وضعیت: HOLD               | تعداد: -        | هدف: -          | استاپ: -         | سود/زیان: - | زمان: 1405-04-20 21:10:42
📊 POL/USDT   | قیمت: 14,194     تومان | وضعیت: HOLD               | تعداد: -        | هدف: -          | استاپ: -         | سود/زیان: - | زمان: 1405-04-20 21:10:42
📊 ALGO/USDT  | قیمت: 16,000     تومان | وضعیت: HOLD               | تعداد: -        | هدف: -          | استاپ: -         | سود/زیان: - | زمان: 1405-04-20 21:10:42
📊 XLM/USDT   | قیمت: 33,900     تومان | وضعیت: HOLD               | تعداد: -        | هدف: -          | استاپ: -         | سود/زیان: - | زمان: 1405-04-20 21:10:42
📊 HBAR/USDT  | قیمت: 12,399     تومان | وضعیت: HOLD               | تعداد: -        | هدف: -          | استاپ: -         | سود/زیان: - | زمان: 1405-04-20 21:10:42
📊 GRT/USDT   | قیمت: 3,184      تومان | وضعیت: HOLD               | تعداد: -        | هدف: -          | استاپ: -         | سود/زیان: - | زمان: 1405-04-20 21:10:42
📊 ANKR/USDT  | قیمت: 685.00     تومان | وضعیت: HOLD               | تعداد: -        | هدف: -          | استاپ: -         | سود/زیان: - | زمان: 1405-04-20 21:10:42
📊 TNSR/USDT  | قیمت: 5,832      تومان | وضعیت: HOLD               | تعداد: -        | هدف: -          | استاپ: -         | سود/زیان: - | زمان: 1405-04-20 21:10:42
📊 2Z/USDT    | قیمت: 12,630     تومان | وضعیت: SELL               | تعداد: -        | هدف: -          | استاپ: -         | سود/زیان: - | زمان: 1405-04-20 21:10:42
📊 RENDER/USDT | قیمت: 278,621    تومان | وضعیت: HOLD               | تعداد: -        | هدف: -          | استاپ: -         | سود/زیان: - | زمان: 1405-04-20 21:10:42
📊 APE/USDT   | قیمت: 27,520     تومان | وضعیت: HOLD               | تعداد: -        | هدف: -          | استاپ: -         | سود/زیان: - | زمان: 1405-04-20 21:10:42
📊 DYDX/USDT  | قیمت: 22,850     تومان | وضعیت: HOLD               | تعداد: -        | هدف: -          | استاپ: -         | سود/زیان: - | زمان: 1405-04-20 21:10:42
📊 BASED/USDT | قیمت: 17,522     تومان | وضعیت: HOLD               | تعداد: -        | هدف: -          | استاپ: -         | سود/زیان: - | زمان: 1405-04-20 21:10:42
📊 ONE/USDT   | قیمت: 219.00     تومان | وضعیت: HOLD               | تعداد: -        | هدف: -          | استاپ: -         | سود/زیان: - | زمان: 1405-04-20 21:10:42
📊 BICO/USDT  | قیمت: 2,527      تومان | وضعیت: HOLD               | تعداد: -        | هدف: -          | استاپ: -         | سود/زیان: - | زمان: 1405-04-20 21:10:42

--- چرخه بعدی پایش در ۳۰۰ ثانیه آینده ---

📊 BTC/USDT   | قیمت: 11,397,999,990 تومان | وضعیت: HOLD               | تعداد: -        | هدف: -          | استاپ: -         | سود/زیان: - | زمان: 1405-04-20 21:14:15
📊 ETH/USDT   | قیمت: 323,985,739 تومان | وضعیت: HOLD               | تعداد: -        | هدف: -          | استاپ: -         | سود/زیان: - | زمان: 1405-04-20 21:14:15
📊 SOL/USDT   | قیمت: 13,947,974 تومان | وضعیت: HOLD               | تعداد: -        | هدف: -          | استاپ: -         | سود/زیان: - | زمان: 1405-04-20 21:14:15
📊 AVAX/USDT  | قیمت: 1,194,389  تومان | وضعیت: HOLD               | تعداد: -        | هدف: -          | استاپ: -         | سود/زیان: - | زمان: 1405-04-20 21:14:15
📊 NEAR/USDT  | قیمت: 339,003    تومان | وضعیت: HOLD               | تعداد: -        | هدف: -          | استاپ: -         | سود/زیان: - | زمان: 1405-04-20 21:14:15
📊 SUI/USDT   | قیمت: 132,450    تومان | وضعیت: HOLD               | تعداد: -        | هدف: -          | استاپ: -         | سود/زیان: - | زمان: 1405-04-20 21:14:15
📊 TRX/USDT   | قیمت: 59,127     تومان | وضعیت: HOLD               | تعداد: -        | هدف: -          | استاپ: -         | سود/زیان: - | زمان: 1405-04-20 21:14:15
📊 XRP/USDT   | قیمت: 197,201    تومان | وضعیت: HOLD               | تعداد: -        | هدف: -          | استاپ: -         | سود/زیان: - | زمان: 1405-04-20 21:14:15
📊 ADA/USDT   | قیمت: 30,281     تومان | وضعیت: HOLD               | تعداد: -        | هدف: -          | استاپ: -         | سود/زیان: - | زمان: 1405-04-20 21:14:15
📊 DOGE/USDT  | قیمت: 13,281     تومان | وضعیت: HOLD               | تعداد: -        | هدف: -          | استاپ: -         | سود/زیان: - | زمان: 1405-04-20 21:14:15
📊 LINK/USDT  | قیمت: 1,434,557  تومان | وضعیت: HOLD               | تعداد: -        | هدف: -          | استاپ: -         | سود/زیان: - | زمان: 1405-04-20 21:14:15
📊 UNI/USDT   | قیمت: 658,357    تومان | وضعیت: HOLD               | تعداد: -        | هدف: -          | استاپ: -         | سود/زیان: - | زمان: 1405-04-20 21:14:15
📊 LTC/USDT   | قیمت: 8,018,938  تومان | وضعیت: HOLD               | تعداد: -        | هدف: -          | استاپ: -         | سود/زیان: - | زمان: 1405-04-20 21:14:15
📊 BCH/USDT   | قیمت: 43,700,000 تومان | وضعیت: HOLD               | تعداد: -        | هدف: -          | استاپ: -         | سود/زیان: - | زمان: 1405-04-20 21:14:15
📊 POL/USDT   | قیمت: 14,130     تومان | وضعیت: HOLD               | تعداد: -        | هدف: -          | استاپ: -         | سود/زیان: - | زمان: 1405-04-20 21:14:15
📊 ALGO/USDT  | قیمت: 16,000     تومان | وضعیت: HOLD               | تعداد: -        | هدف: -          | استاپ: -         | سود/زیان: - | زمان: 1405-04-20 21:14:15
📊 XLM/USDT   | قیمت: 33,900     تومان | وضعیت: HOLD               | تعداد: -        | هدف: -          | استاپ: -         | سود/زیان: - | زمان: 1405-04-20 21:14:15
📊 HBAR/USDT  | قیمت: 12,399     تومان | وضعیت: HOLD               | تعداد: -        | هدف: -          | استاپ: -         | سود/زیان: - | زمان: 1405-04-20 21:14:15
📊 GRT/USDT   | قیمت: 3,184      تومان | وضعیت: HOLD               | تعداد: -        | هدف: -          | استاپ: -         | سود/زیان: - | زمان: 1405-04-20 21:14:15
📊 ANKR/USDT  | قیمت: 685.00     تومان | وضعیت: HOLD               | تعداد: -        | هدف: -          | استاپ: -         | سود/زیان: - | زمان: 1405-04-20 21:14:15
📊 TNSR/USDT  | قیمت: 5,833      تومان | وضعیت: HOLD               | تعداد: -        | هدف: -          | استاپ: -         | سود/زیان: - | زمان: 1405-04-20 21:14:15
📊 2Z/USDT    | قیمت: 12,630     تومان | وضعیت: SELL               | تعداد: -        | هدف: -          | استاپ: -         | سود/زیان: - | زمان: 1405-04-20 21:14:15
📊 RENDER/USDT | قیمت: 278,621    تومان | وضعیت: HOLD               | تعداد: -        | هدف: -          | استاپ: -         | سود/زیان: - | زمان: 1405-04-20 21:14:15
📊 APE/USDT   | قیمت: 27,816     تومان | وضعیت: HOLD               | تعداد: -        | هدف: -          | استاپ: -         | سود/زیان: - | زمان: 1405-04-20 21:14:15
📊 DYDX/USDT  | قیمت: 22,804     تومان | وضعیت: HOLD               | تعداد: -        | هدف: -          | استاپ: -         | سود/زیان: - | زمان: 1405-04-20 21:14:15
📊 BASED/USDT | قیمت: 17,522     تومان | وضعیت: HOLD               | تعداد: -        | هدف: -          | استاپ: -         | سود/زیان: - | زمان: 1405-04-20 21:14:15
📊 ONE/USDT   | قیمت: 219.00     تومان | وضعیت: HOLD               | تعداد: -        | هدف: -          | استاپ: -         | سود/زیان: - | زمان: 1405-04-20 21:14:15
📊 BICO/USDT  | قیمت: 2,534      تومان | وضعیت: HOLD               | تعداد: -        | هدف: -          | استاپ: -         | سود/زیان: - | زمان: 1405-04-20 21:14:15

--- چرخه بعدی پایش در ۳۰۰ ثانیه آینده ---

📊 BTC/USDT   | قیمت: 11,396,998,999 تومان | وضعیت: HOLD               | تعداد: -        | هدف: -          | استاپ: -         | سود/زیان: - | زمان: 1405-04-20 21:18:04
📊 ETH/USDT   | قیمت: 323,809,946 تومان | وضعیت: HOLD               | تعداد: -        | هدف: -          | استاپ: -         | سود/زیان: - | زمان: 1405-04-20 21:18:04
📊 SOL/USDT   | قیمت: 13,834,092 تومان | وضعیت: HOLD               | تعداد: -        | هدف: -          | استاپ: -         | سود/زیان: - | زمان: 1405-04-20 21:18:04
📊 AVAX/USDT  | قیمت: 1,192,897  تومان | وضعیت: HOLD               | تعداد: -        | هدف: -          | استاپ: -         | سود/زیان: - | زمان: 1405-04-20 21:18:04
📊 NEAR/USDT  | قیمت: 339,003    تومان | وضعیت: HOLD               | تعداد: -        | هدف: -          | استاپ: -         | سود/زیان: - | زمان: 1405-04-20 21:18:04
📊 SUI/USDT   | قیمت: 132,560    تومان | وضعیت: HOLD               | تعداد: -        | هدف: -          | استاپ: -         | سود/زیان: - | زمان: 1405-04-20 21:18:04
📊 TRX/USDT   | قیمت: 59,292     تومان | وضعیت: HOLD               | تعداد: -        | هدف: -          | استاپ: -         | سود/زیان: - | زمان: 1405-04-20 21:18:04
📊 XRP/USDT   | قیمت: 197,107    تومان | وضعیت: HOLD               | تعداد: -        | هدف: -          | استاپ: -         | سود/زیان: - | زمان: 1405-04-20 21:18:04
📊 ADA/USDT   | قیمت: 30,321     تومان | وضعیت: HOLD               | تعداد: -        | هدف: -          | استاپ: -         | سود/زیان: - | زمان: 1405-04-20 21:18:04
📊 DOGE/USDT  | قیمت: 13,312     تومان | وضعیت: HOLD               | تعداد: -        | هدف: -          | استاپ: -         | سود/زیان: - | زمان: 1405-04-20 21:18:04
📊 LINK/USDT  | قیمت: 1,434,557  تومان | وضعیت: HOLD               | تعداد: -        | هدف: -          | استاپ: -         | سود/زیان: - | زمان: 1405-04-20 21:18:04
📊 UNI/USDT   | قیمت: 658,357    تومان | وضعیت: HOLD               | تعداد: -        | هدف: -          | استاپ: -         | سود/زیان: - | زمان: 1405-04-20 21:18:04
📊 LTC/USDT   | قیمت: 7,948,359  تومان | وضعیت: HOLD               | تعداد: -        | هدف: -          | استاپ: -         | سود/زیان: - | زمان: 1405-04-20 21:18:04
📊 BCH/USDT   | قیمت: 43,700,000 تومان | وضعیت: HOLD               | تعداد: -        | هدف: -          | استاپ: -         | سود/زیان: - | زمان: 1405-04-20 21:18:04
📊 POL/USDT   | قیمت: 14,210     تومان | وضعیت: HOLD               | تعداد: -        | هدف: -          | استاپ: -         | سود/زیان: - | زمان: 1405-04-20 21:18:04
📊 ALGO/USDT  | قیمت: 16,000     تومان | وضعیت: HOLD               | تعداد: -        | هدف: -          | استاپ: -         | سود/زیان: - | زمان: 1405-04-20 21:18:04
📊 XLM/USDT   | قیمت: 33,900     تومان | وضعیت: HOLD               | تعداد: -        | هدف: -          | استاپ: -         | سود/زیان: - | زمان: 1405-04-20 21:18:04
📊 HBAR/USDT  | قیمت: 12,399     تومان | وضعیت: HOLD               | تعداد: -        | هدف: -          | استاپ: -         | سود/زیان: - | زمان: 1405-04-20 21:18:04
📊 GRT/USDT   | قیمت: 3,184      تومان | وضعیت: HOLD               | تعداد: -        | هدف: -          | استاپ: -         | سود/زیان: - | زمان: 1405-04-20 21:18:04
📊 ANKR/USDT  | قیمت: 677.00     تومان | وضعیت: HOLD               | تعداد: -        | هدف: -          | استاپ: -         | سود/زیان: - | زمان: 1405-04-20 21:18:04
📊 TNSR/USDT  | قیمت: 5,833      تومان | وضعیت: HOLD               | تعداد: -        | هدف: -          | استاپ: -         | سود/زیان: - | زمان: 1405-04-20 21:18:04
📊 2Z/USDT    | قیمت: 12,630     تومان | وضعیت: SELL               | تعداد: -        | هدف: -          | استاپ: -         | سود/زیان: - | زمان: 1405-04-20 21:18:04
📊 RENDER/USDT | قیمت: 278,621    تومان | وضعیت: HOLD               | تعداد: -        | هدف: -          | استاپ: -         | سود/زیان: - | زمان: 1405-04-20 21:18:04
📊 APE/USDT   | قیمت: 27,816     تومان | وضعیت: HOLD               | تعداد: -        | هدف: -          | استاپ: -         | سود/زیان: - | زمان: 1405-04-20 21:18:04
📊 DYDX/USDT  | قیمت: 22,804     تومان | وضعیت: HOLD               | تعداد: -        | هدف: -          | استاپ: -         | سود/زیان: - | زمان: 1405-04-20 21:18:04
📊 BASED/USDT | قیمت: 17,522     تومان | وضعیت: HOLD               | تعداد: -        | هدف: -          | استاپ: -         | سود/زیان: - | زمان: 1405-04-20 21:18:04
📊 ONE/USDT   | قیمت: 219.00     تومان | وضعیت: HOLD               | تعداد: -        | هدف: -          | استاپ: -         | سود/زیان: - | زمان: 1405-04-20 21:18:04
📊 BICO/USDT  | قیمت: 2,531      تومان | وضعیت: HOLD               | تعداد: -        | هدف: -          | استاپ: -         | سود/زیان: - | زمان: 1405-04-20 21:18:04

--- چرخه بعدی پایش در ۳۰۰ ثانیه آینده ---

📊 BTC/USDT   | قیمت: 11,374,000,017.00 تومان | وضعیت: HOLD               | تعداد: -        | هدف: -          | استاپ: -         | سود/زیان: - | زمان: 1405-04-20 21:21:50
📊 ETH/USDT   | قیمت: 322,500,000.00 تومان | وضعیت: HOLD               | تعداد: -        | هدف: -          | استاپ: -         | سود/زیان: - | زمان: 1405-04-20 21:21:50
📊 SOL/USDT   | قیمت: 13,810,005.00 تومان | وضعیت: HOLD               | تعداد: -        | هدف: -          | استاپ: -         | سود/زیان: - | زمان: 1405-04-20 21:21:50
📊 AVAX/USDT  | قیمت: 1,192,899.00 تومان | وضعیت: HOLD               | تعداد: -        | هدف: -          | استاپ: -         | سود/زیان: - | زمان: 1405-04-20 21:21:50
📊 NEAR/USDT  | قیمت: 339,333.00 تومان | وضعیت: HOLD               | تعداد: -        | هدف: -          | استاپ: -         | سود/زیان: - | زمان: 1405-04-20 21:21:50
📊 SUI/USDT   | قیمت: 132,560.00 تومان | وضعیت: HOLD               | تعداد: -        | هدف: -          | استاپ: -         | سود/زیان: - | زمان: 1405-04-20 21:21:50
📊 TRX/USDT   | قیمت: 59,084.00  تومان | وضعیت: HOLD               | تعداد: -        | هدف: -          | استاپ: -         | سود/زیان: - | زمان: 1405-04-20 21:21:50
📊 XRP/USDT   | قیمت: 197,129.00 تومان | وضعیت: HOLD               | تعداد: -        | هدف: -          | استاپ: -         | سود/زیان: - | زمان: 1405-04-20 21:21:50
📊 ADA/USDT   | قیمت: 30,321.00  تومان | وضعیت: HOLD               | تعداد: -        | هدف: -          | استاپ: -         | سود/زیان: - | زمان: 1405-04-20 21:21:50
📊 DOGE/USDT  | قیمت: 13,286.60  تومان | وضعیت: HOLD               | تعداد: -        | هدف: -          | استاپ: -         | سود/زیان: - | زمان: 1405-04-20 21:21:50
📊 LINK/USDT  | قیمت: 1,426,964.00 تومان | وضعیت: HOLD               | تعداد: -        | هدف: -          | استاپ: -         | سود/زیان: - | زمان: 1405-04-20 21:21:50
📊 UNI/USDT   | قیمت: 652,720.00 تومان | وضعیت: HOLD               | تعداد: -        | هدف: -          | استاپ: -         | سود/زیان: - | زمان: 1405-04-20 21:21:50
📊 LTC/USDT   | قیمت: 7,978,990.00 تومان | وضعیت: HOLD               | تعداد: -        | هدف: -          | استاپ: -         | سود/زیان: - | زمان: 1405-04-20 21:21:50
📊 BCH/USDT   | قیمت: 43,615,478.00 تومان | وضعیت: HOLD               | تعداد: -        | هدف: -          | استاپ: -         | سود/زیان: - | زمان: 1405-04-20 21:21:50
📊 POL/USDT   | قیمت: 14,210.00  تومان | وضعیت: HOLD               | تعداد: -        | هدف: -          | استاپ: -         | سود/زیان: - | زمان: 1405-04-20 21:21:50
📊 ALGO/USDT  | قیمت: 15,700.00  تومان | وضعیت: HOLD               | تعداد: -        | هدف: -          | استاپ: -         | سود/زیان: - | زمان: 1405-04-20 21:21:50
📊 XLM/USDT   | قیمت: 33,900.00  تومان | وضعیت: HOLD               | تعداد: -        | هدف: -          | استاپ: -         | سود/زیان: - | زمان: 1405-04-20 21:21:50
📊 HBAR/USDT  | قیمت: 12,355.00  تومان | وضعیت: HOLD               | تعداد: -        | هدف: -          | استاپ: -         | سود/زیان: - | زمان: 1405-04-20 21:21:50
📊 GRT/USDT   | قیمت: 3,174.00   تومان | وضعیت: HOLD               | تعداد: -        | هدف: -          | استاپ: -         | سود/زیان: - | زمان: 1405-04-20 21:21:50
📊 ANKR/USDT  | قیمت: 680.00     تومان | وضعیت: HOLD               | تعداد: -        | هدف: -          | استاپ: -         | سود/زیان: - | زمان: 1405-04-20 21:21:50
📊 TNSR/USDT  | قیمت: 5,796.00   تومان | وضعیت: HOLD               | تعداد: -        | هدف: -          | استاپ: -         | سود/زیان: - | زمان: 1405-04-20 21:21:50
📊 2Z/USDT    | قیمت: 12,475.00  تومان | وضعیت: SELL               | تعداد: -        | هدف: -          | استاپ: -         | سود/زیان: - | زمان: 1405-04-20 21:21:50
📊 RENDER/USDT | قیمت: 278,621.00 تومان | وضعیت: HOLD               | تعداد: -        | هدف: -          | استاپ: -         | سود/زیان: - | زمان: 1405-04-20 21:21:50
📊 APE/USDT   | قیمت: 27,691.00  تومان | وضعیت: HOLD               | تعداد: -        | هدف: -          | استاپ: -         | سود/زیان: - | زمان: 1405-04-20 21:21:50
📊 DYDX/USDT  | قیمت: 22,999.00  تومان | وضعیت: HOLD               | تعداد: -        | هدف: -          | استاپ: -         | سود/زیان: - | زمان: 1405-04-20 21:21:50
📊 BASED/USDT | قیمت: 17,522.00  تومان | وضعیت: HOLD               | تعداد: -        | هدف: -          | استاپ: -         | سود/زیان: - | زمان: 1405-04-20 21:21:50
📊 ONE/USDT   | قیمت: 219.00     تومان | وضعیت: HOLD               | تعداد: -        | هدف: -          | استاپ: -         | سود/زیان: - | زمان: 1405-04-20 21:21:50
📊 BICO/USDT  | قیمت: 2,522.00   تومان | وضعیت: HOLD               | تعداد: -        | هدف: -          | استاپ: -         | سود/زیان: - | زمان: 1405-04-20 21:21:50

--- چرخه بعدی پایش در ۳۰۰ ثانیه آینده ---

📊 BTC/USDT   | قیمت: 11,370,000,000.00 تومان | وضعیت: HOLD               | تعداد: -        | هدف: -          | استاپ: -         | سود/زیان: - | زمان: 1405-04-20 21:23:53
📊 ETH/USDT   | قیمت: 323,724,629.00 تومان | وضعیت: HOLD               | تعداد: -        | هدف: -          | استاپ: -         | سود/زیان: - | زمان: 1405-04-20 21:23:53
📊 SOL/USDT   | قیمت: 13,939,969.00 تومان | وضعیت: HOLD               | تعداد: -        | هدف: -          | استاپ: -         | سود/زیان: - | زمان: 1405-04-20 21:23:53
📊 AVAX/USDT  | قیمت: 1,192,899.00 تومان | وضعیت: HOLD               | تعداد: -        | هدف: -          | استاپ: -         | سود/زیان: - | زمان: 1405-04-20 21:23:53
📊 NEAR/USDT  | قیمت: 339,333.00 تومان | وضعیت: HOLD               | تعداد: -        | هدف: -          | استاپ: -         | سود/زیان: - | زمان: 1405-04-20 21:23:53
📊 SUI/USDT   | قیمت: 132,554.00 تومان | وضعیت: HOLD               | تعداد: -        | هدف: -          | استاپ: -         | سود/زیان: - | زمان: 1405-04-20 21:23:53
📊 TRX/USDT   | قیمت: 59,231.00  تومان | وضعیت: HOLD               | تعداد: -        | هدف: -          | استاپ: -         | سود/زیان: - | زمان: 1405-04-20 21:23:53
📊 XRP/USDT   | قیمت: 197,166.00 تومان | وضعیت: HOLD               | تعداد: -        | هدف: -          | استاپ: -         | سود/زیان: - | زمان: 1405-04-20 21:23:53
📊 ADA/USDT   | قیمت: 30,321.00  تومان | وضعیت: HOLD               | تعداد: -        | هدف: -          | استاپ: -         | سود/زیان: - | زمان: 1405-04-20 21:23:53
📊 DOGE/USDT  | قیمت: 13,286.60  تومان | وضعیت: HOLD               | تعداد: -        | هدف: -          | استاپ: -         | سود/زیان: - | زمان: 1405-04-20 21:23:53
📊 LINK/USDT  | قیمت: 1,426,964.00 تومان | وضعیت: HOLD               | تعداد: -        | هدف: -          | استاپ: -         | سود/زیان: - | زمان: 1405-04-20 21:23:53
📊 UNI/USDT   | قیمت: 652,720.00 تومان | وضعیت: HOLD               | تعداد: -        | هدف: -          | استاپ: -         | سود/زیان: - | زمان: 1405-04-20 21:23:53
📊 LTC/USDT   | قیمت: 8,003,000.00 تومان | وضعیت: HOLD               | تعداد: -        | هدف: -          | استاپ: -         | سود/زیان: - | زمان: 1405-04-20 21:23:53
📊 BCH/USDT   | قیمت: 43,615,515.00 تومان | وضعیت: HOLD               | تعداد: -        | هدف: -          | استاپ: -         | سود/زیان: - | زمان: 1405-04-20 21:23:53
📊 POL/USDT   | قیمت: 14,210.00  تومان | وضعیت: HOLD               | تعداد: -        | هدف: -          | استاپ: -         | سود/زیان: - | زمان: 1405-04-20 21:23:53
📊 ALGO/USDT  | قیمت: 16,006.00  تومان | وضعیت: HOLD               | تعداد: -        | هدف: -          | استاپ: -         | سود/زیان: - | زمان: 1405-04-20 21:23:53
📊 XLM/USDT   | قیمت: 33,900.00  تومان | وضعیت: HOLD               | تعداد: -        | هدف: -          | استاپ: -         | سود/زیان: - | زمان: 1405-04-20 21:23:53
📊 HBAR/USDT  | قیمت: 12,355.00  تومان | وضعیت: HOLD               | تعداد: -        | هدف: -          | استاپ: -         | سود/زیان: - | زمان: 1405-04-20 21:23:53
📊 GRT/USDT   | قیمت: 3,174.00   تومان | وضعیت: HOLD               | تعداد: -        | هدف: -          | استاپ: -         | سود/زیان: - | زمان: 1405-04-20 21:23:53
📊 ANKR/USDT  | قیمت: 680.00     تومان | وضعیت: HOLD               | تعداد: -        | هدف: -          | استاپ: -         | سود/زیان: - | زمان: 1405-04-20 21:23:53
📊 TNSR/USDT  | قیمت: 5,796.00   تومان | وضعیت: HOLD               | تعداد: -        | هدف: -          | استاپ: -         | سود/زیان: - | زمان: 1405-04-20 21:23:53
📊 2Z/USDT    | قیمت: 12,475.00  تومان | وضعیت: SELL               | تعداد: -        | هدف: -          | استاپ: -         | سود/زیان: - | زمان: 1405-04-20 21:23:53
📊 RENDER/USDT | قیمت: 278,621.00 تومان | وضعیت: HOLD               | تعداد: -        | هدف: -          | استاپ: -         | سود/زیان: - | زمان: 1405-04-20 21:23:53
📊 APE/USDT   | قیمت: 27,691.00  تومان | وضعیت: HOLD               | تعداد: -        | هدف: -          | استاپ: -         | سود/زیان: - | زمان: 1405-04-20 21:23:53
📊 DYDX/USDT  | قیمت: 22,999.00  تومان | وضعیت: HOLD               | تعداد: -        | هدف: -          | استاپ: -         | سود/زیان: - | زمان: 1405-04-20 21:23:53
📊 BASED/USDT | قیمت: 17,406.00  تومان | وضعیت: HOLD               | تعداد: -        | هدف: -          | استاپ: -         | سود/زیان: - | زمان: 1405-04-20 21:23:53
📊 ONE/USDT   | قیمت: 219.00     تومان | وضعیت: HOLD               | تعداد: -        | هدف: -          | استاپ: -         | سود/زیان: - | زمان: 1405-04-20 21:23:53
📊 BICO/USDT  | قیمت: 2,529.00   تومان | وضعیت: HOLD               | تعداد: -        | هدف: -          | استاپ: -         | سود/زیان: - | زمان: 1405-04-20 21:23:53

--- چرخه بعدی پایش در ۳۰۰ ثانیه آینده ---

📊 BTC/USDT   | قیمت: 11,392,997,994.00 تومان | وضعیت: HOLD               | تعداد: -        | هدف: -          | استاپ: -         | سود/زیان: - | زمان: 1405-04-20 21:25:42
📊 ETH/USDT   | قیمت: 322,936,276.00 تومان | وضعیت: HOLD               | تعداد: -        | هدف: -          | استاپ: -         | سود/زیان: - | زمان: 1405-04-20 21:25:42
📊 SOL/USDT   | قیمت: 13,939,969.00 تومان | وضعیت: HOLD               | تعداد: -        | هدف: -          | استاپ: -         | سود/زیان: - | زمان: 1405-04-20 21:25:42
📊 AVAX/USDT  | قیمت: 1,192,899.00 تومان | وضعیت: HOLD               | تعداد: -        | هدف: -          | استاپ: -         | سود/زیان: - | زمان: 1405-04-20 21:25:42
📊 NEAR/USDT  | قیمت: 339,333.00 تومان | وضعیت: HOLD               | تعداد: -        | هدف: -          | استاپ: -         | سود/زیان: - | زمان: 1405-04-20 21:25:42
📊 SUI/USDT   | قیمت: 132,554.00 تومان | وضعیت: HOLD               | تعداد: -        | هدف: -          | استاپ: -         | سود/زیان: - | زمان: 1405-04-20 21:25:42
📊 TRX/USDT   | قیمت: 59,248.00  تومان | وضعیت: HOLD               | تعداد: -        | هدف: -          | استاپ: -         | سود/زیان: - | زمان: 1405-04-20 21:25:42
📊 XRP/USDT   | قیمت: 197,166.00 تومان | وضعیت: HOLD               | تعداد: -        | هدف: -          | استاپ: -         | سود/زیان: - | زمان: 1405-04-20 21:25:42
📊 ADA/USDT   | قیمت: 30,321.00  تومان | وضعیت: HOLD               | تعداد: -        | هدف: -          | استاپ: -         | سود/زیان: - | زمان: 1405-04-20 21:25:42
📊 DOGE/USDT  | قیمت: 13,302.40  تومان | وضعیت: HOLD               | تعداد: -        | هدف: -          | استاپ: -         | سود/زیان: - | زمان: 1405-04-20 21:25:42
📊 LINK/USDT  | قیمت: 1,426,964.00 تومان | وضعیت: HOLD               | تعداد: -        | هدف: -          | استاپ: -         | سود/زیان: - | زمان: 1405-04-20 21:25:42
📊 UNI/USDT   | قیمت: 650,610.00 تومان | وضعیت: HOLD               | تعداد: -        | هدف: -          | استاپ: -         | سود/زیان: - | زمان: 1405-04-20 21:25:42
📊 LTC/USDT   | قیمت: 7,941,323.00 تومان | وضعیت: HOLD               | تعداد: -        | هدف: -          | استاپ: -         | سود/زیان: - | زمان: 1405-04-20 21:25:42
📊 BCH/USDT   | قیمت: 43,615,515.00 تومان | وضعیت: HOLD               | تعداد: -        | هدف: -          | استاپ: -         | سود/زیان: - | زمان: 1405-04-20 21:25:42
📊 POL/USDT   | قیمت: 14,250.00  تومان | وضعیت: HOLD               | تعداد: -        | هدف: -          | استاپ: -         | سود/زیان: - | زمان: 1405-04-20 21:25:42
📊 ALGO/USDT  | قیمت: 16,000.00  تومان | وضعیت: HOLD               | تعداد: -        | هدف: -          | استاپ: -         | سود/زیان: - | زمان: 1405-04-20 21:25:42
📊 XLM/USDT   | قیمت: 33,900.00  تومان | وضعیت: HOLD               | تعداد: -        | هدف: -          | استاپ: -         | سود/زیان: - | زمان: 1405-04-20 21:25:42
📊 HBAR/USDT  | قیمت: 12,383.00  تومان | وضعیت: HOLD               | تعداد: -        | هدف: -          | استاپ: -         | سود/زیان: - | زمان: 1405-04-20 21:25:42
📊 GRT/USDT   | قیمت: 3,174.00   تومان | وضعیت: HOLD               | تعداد: -        | هدف: -          | استاپ: -         | سود/زیان: - | زمان: 1405-04-20 21:25:42
📊 ANKR/USDT  | قیمت: 680.00     تومان | وضعیت: HOLD               | تعداد: -        | هدف: -          | استاپ: -         | سود/زیان: - | زمان: 1405-04-20 21:25:42
📊 TNSR/USDT  | قیمت: 5,796.00   تومان | وضعیت: HOLD               | تعداد: -        | هدف: -          | استاپ: -         | سود/زیان: - | زمان: 1405-04-20 21:25:42
📊 2Z/USDT    | قیمت: 12,475.00  تومان | وضعیت: SELL               | تعداد: -        | هدف: -          | استاپ: -         | سود/زیان: - | زمان: 1405-04-20 21:25:42
📊 RENDER/USDT | قیمت: 278,621.00 تومان | وضعیت: HOLD               | تعداد: -        | هدف: -          | استاپ: -         | سود/زیان: - | زمان: 1405-04-20 21:25:42
📊 APE/USDT   | قیمت: 27,614.00  تومان | وضعیت: HOLD               | تعداد: -        | هدف: -          | استاپ: -         | سود/زیان: - | زمان: 1405-04-20 21:25:42
📊 DYDX/USDT  | قیمت: 22,999.00  تومان | وضعیت: HOLD               | تعداد: -        | هدف: -          | استاپ: -         | سود/زیان: - | زمان: 1405-04-20 21:25:42
📊 BASED/USDT | قیمت: 17,406.00  تومان | وضعیت: HOLD               | تعداد: -        | هدف: -          | استاپ: -         | سود/زیان: - | زمان: 1405-04-20 21:25:42
📊 ONE/USDT   | قیمت: 219.00     تومان | وضعیت: HOLD               | تعداد: -        | هدف: -          | استاپ: -         | سود/زیان: - | زمان: 1405-04-20 21:25:42
📊 BICO/USDT  | قیمت: 2,541.00   تومان | وضعیت: HOLD               | تعداد: -        | هدف: -          | استاپ: -         | سود/زیان: - | زمان: 1405-04-20 21:25:42

--- چرخه بعدی پایش در ۳۰۰ ثانیه آینده ---

📊 BTC/USDT   | قیمت: 11,380,000,000.00 تومان | وضعیت: HOLD               | تعداد: -        | هدف: -          | استاپ: -         | سود/زیان: - | زمان: 1405-04-20 21:26:41
📊 ETH/USDT   | قیمت: 322,936,285.00 تومان | وضعیت: HOLD               | تعداد: -        | هدف: -          | استاپ: -         | سود/زیان: - | زمان: 1405-04-20 21:26:41
📊 SOL/USDT   | قیمت: 13,939,969.00 تومان | وضعیت: HOLD               | تعداد: -        | هدف: -          | استاپ: -         | سود/زیان: - | زمان: 1405-04-20 21:26:41
📊 AVAX/USDT  | قیمت: 1,192,899.00 تومان | وضعیت: HOLD               | تعداد: -        | هدف: -          | استاپ: -         | سود/زیان: - | زمان: 1405-04-20 21:26:41
📊 NEAR/USDT  | قیمت: 339,333.00 تومان | وضعیت: HOLD               | تعداد: -        | هدف: -          | استاپ: -         | سود/زیان: - | زمان: 1405-04-20 21:26:41
📊 SUI/USDT   | قیمت: 132,554.00 تومان | وضعیت: HOLD               | تعداد: -        | هدف: -          | استاپ: -         | سود/زیان: - | زمان: 1405-04-20 21:26:41
📊 TRX/USDT   | قیمت: 59,246.00  تومان | وضعیت: HOLD               | تعداد: -        | هدف: -          | استاپ: -         | سود/زیان: - | زمان: 1405-04-20 21:26:41
📊 XRP/USDT   | قیمت: 197,113.00 تومان | وضعیت: HOLD               | تعداد: -        | هدف: -          | استاپ: -         | سود/زیان: - | زمان: 1405-04-20 21:26:41
📊 ADA/USDT   | قیمت: 30,321.00  تومان | وضعیت: HOLD               | تعداد: -        | هدف: -          | استاپ: -         | سود/زیان: - | زمان: 1405-04-20 21:26:41
📊 DOGE/USDT  | قیمت: 13,302.40  تومان | وضعیت: HOLD               | تعداد: -        | هدف: -          | استاپ: -         | سود/زیان: - | زمان: 1405-04-20 21:26:41
📊 LINK/USDT  | قیمت: 1,426,964.00 تومان | وضعیت: HOLD               | تعداد: -        | هدف: -          | استاپ: -         | سود/زیان: - | زمان: 1405-04-20 21:26:41
📊 UNI/USDT   | قیمت: 650,610.00 تومان | وضعیت: HOLD               | تعداد: -        | هدف: -          | استاپ: -         | سود/زیان: - | زمان: 1405-04-20 21:26:41
📊 LTC/USDT   | قیمت: 7,941,323.00 تومان | وضعیت: HOLD               | تعداد: -        | هدف: -          | استاپ: -         | سود/زیان: - | زمان: 1405-04-20 21:26:41
📊 BCH/USDT   | قیمت: 43,615,515.00 تومان | وضعیت: HOLD               | تعداد: -        | هدف: -          | استاپ: -         | سود/زیان: - | زمان: 1405-04-20 21:26:41
📊 POL/USDT   | قیمت: 14,250.00  تومان | وضعیت: HOLD               | تعداد: -        | هدف: -          | استاپ: -         | سود/زیان: - | زمان: 1405-04-20 21:26:41
📊 ALGO/USDT  | قیمت: 16,000.00  تومان | وضعیت: HOLD               | تعداد: -        | هدف: -          | استاپ: -         | سود/زیان: - | زمان: 1405-04-20 21:26:41
📊 XLM/USDT   | قیمت: 33,900.00  تومان | وضعیت: HOLD               | تعداد: -        | هدف: -          | استاپ: -         | سود/زیان: - | زمان: 1405-04-20 21:26:41
📊 HBAR/USDT  | قیمت: 12,383.00  تومان | وضعیت: HOLD               | تعداد: -        | هدف: -          | استاپ: -         | سود/زیان: - | زمان: 1405-04-20 21:26:41
📊 GRT/USDT   | قیمت: 3,174.00   تومان | وضعیت: HOLD               | تعداد: -        | هدف: -          | استاپ: -         | سود/زیان: - | زمان: 1405-04-20 21:26:41
📊 ANKR/USDT  | قیمت: 680.00     تومان | وضعیت: HOLD               | تعداد: -        | هدف: -          | استاپ: -         | سود/زیان: - | زمان: 1405-04-20 21:26:41
📊 TNSR/USDT  | قیمت: 5,796.00   تومان | وضعیت: HOLD               | تعداد: -        | هدف: -          | استاپ: -         | سود/زیان: - | زمان: 1405-04-20 21:26:41
📊 2Z/USDT    | قیمت: 12,475.00  تومان | وضعیت: SELL               | تعداد: -        | هدف: -          | استاپ: -         | سود/زیان: - | زمان: 1405-04-20 21:26:41
📊 RENDER/USDT | قیمت: 278,621.00 تومان | وضعیت: HOLD               | تعداد: -        | هدف: -          | استاپ: -         | سود/زیان: - | زمان: 1405-04-20 21:26:41
📊 APE/USDT   | قیمت: 27,614.00  تومان | وضعیت: HOLD               | تعداد: -        | هدف: -          | استاپ: -         | سود/زیان: - | زمان: 1405-04-20 21:26:41
📊 DYDX/USDT  | قیمت: 22,999.00  تومان | وضعیت: HOLD               | تعداد: -        | هدف: -          | استاپ: -         | سود/زیان: - | زمان: 1405-04-20 21:26:41
📊 BASED/USDT | قیمت: 17,406.00  تومان | وضعیت: HOLD               | تعداد: -        | هدف: -          | استاپ: -         | سود/زیان: - | زمان: 1405-04-20 21:26:41
📊 ONE/USDT   | قیمت: 220.00     تومان | وضعیت: HOLD               | تعداد: -        | هدف: -          | استاپ: -         | سود/زیان: - | زمان: 1405-04-20 21:26:41
📊 BICO/USDT  | قیمت: 2,540.00   تومان | وضعیت: HOLD               | تعداد: -        | هدف: -          | استاپ: -         | سود/زیان: - | زمان: 1405-04-20 21:26:41

--- چرخه بعدی پایش در ۳۰۰ ثانیه آینده ---

📊 BTC/USDT   | قیمت: 11,380,000,001.00 تومان | وضعیت: HOLD               | تعداد: -        | هدف: -          | استاپ: -         | سود/زیان: - | زمان: 1405-04-20 21:30:27
📊 ETH/USDT   | قیمت: 322,500,000.00 تومان | وضعیت: HOLD               | تعداد: -        | هدف: -          | استاپ: -         | سود/زیان: - | زمان: 1405-04-20 21:30:27
📊 SOL/USDT   | قیمت: 13,939,965.00 تومان | وضعیت: HOLD               | تعداد: -        | هدف: -          | استاپ: -         | سود/زیان: - | زمان: 1405-04-20 21:30:27
📊 AVAX/USDT  | قیمت: 1,192,899.00 تومان | وضعیت: HOLD               | تعداد: -        | هدف: -          | استاپ: -         | سود/زیان: - | زمان: 1405-04-20 21:30:27
📊 NEAR/USDT  | قیمت: 339,333.00 تومان | وضعیت: HOLD               | تعداد: -        | هدف: -          | استاپ: -         | سود/زیان: - | زمان: 1405-04-20 21:30:27
📊 SUI/USDT   | قیمت: 132,544.00 تومان | وضعیت: HOLD               | تعداد: -        | هدف: -          | استاپ: -         | سود/زیان: - | زمان: 1405-04-20 21:30:27
📊 TRX/USDT   | قیمت: 59,235.00  تومان | وضعیت: HOLD               | تعداد: -        | هدف: -          | استاپ: -         | سود/زیان: - | زمان: 1405-04-20 21:30:27
📊 XRP/USDT   | قیمت: 197,166.00 تومان | وضعیت: HOLD               | تعداد: -        | هدف: -          | استاپ: -         | سود/زیان: - | زمان: 1405-04-20 21:30:27
📊 ADA/USDT   | قیمت: 30,361.00  تومان | وضعیت: HOLD               | تعداد: -        | هدف: -          | استاپ: -         | سود/زیان: - | زمان: 1405-04-20 21:30:27
📊 DOGE/USDT  | قیمت: 13,287.60  تومان | وضعیت: HOLD               | تعداد: -        | هدف: -          | استاپ: -         | سود/زیان: - | زمان: 1405-04-20 21:30:27
📊 LINK/USDT  | قیمت: 1,426,964.00 تومان | وضعیت: HOLD               | تعداد: -        | هدف: -          | استاپ: -         | سود/زیان: - | زمان: 1405-04-20 21:30:27
📊 UNI/USDT   | قیمت: 654,753.00 تومان | وضعیت: HOLD               | تعداد: -        | هدف: -          | استاپ: -         | سود/زیان: - | زمان: 1405-04-20 21:30:27
📊 LTC/USDT   | قیمت: 7,999,999.00 تومان | وضعیت: HOLD               | تعداد: -        | هدف: -          | استاپ: -         | سود/زیان: - | زمان: 1405-04-20 21:30:27
📊 BCH/USDT   | قیمت: 43,615,489.00 تومان | وضعیت: HOLD               | تعداد: -        | هدف: -          | استاپ: -         | سود/زیان: - | زمان: 1405-04-20 21:30:27
📊 POL/USDT   | قیمت: 14,138.00  تومان | وضعیت: HOLD               | تعداد: -        | هدف: -          | استاپ: -         | سود/زیان: - | زمان: 1405-04-20 21:30:27
📊 ALGO/USDT  | قیمت: 15,999.00  تومان | وضعیت: HOLD               | تعداد: -        | هدف: -          | استاپ: -         | سود/زیان: - | زمان: 1405-04-20 21:30:27
📊 GRT/USDT   | قیمت: 3,174.00   تومان | وضعیت: HOLD               | تعداد: -        | هدف: -          | استاپ: -         | سود/زیان: - | زمان: 1405-04-20 21:30:53
📊 ANKR/USDT  | قیمت: 678.00     تومان | وضعیت: HOLD               | تعداد: -        | هدف: -          | استاپ: -         | سود/زیان: - | زمان: 1405-04-20 21:30:53

--- چرخه بعدی پایش در ۳۰۰ ثانیه آینده ---

📊 GRT/USDT   | قیمت: 3,174.00   تومان | وضعیت: HOLD               | تعداد: -        | هدف: -          | استاپ: -         | سود/زیان: - | زمان: 1405-04-20 21:35:46
📊 ANKR/USDT  | قیمت: 681.00     تومان | وضعیت: HOLD               | تعداد: -        | هدف: -          | استاپ: -         | سود/زیان: - | زمان: 1405-04-20 21:35:46

--- چرخه بعدی پایش در ۳۰۰ ثانیه آینده ---

📊 BTC/USDT   | قیمت: 11,380,000,000.00 تومان | وضعیت: HOLD               | تعداد: -        | هدف: -          | استاپ: -         | سود/زیان: - | زمان: 1405-04-20 21:39:21
📊 ETH/USDT   | قیمت: 322,500,002.00 تومان | وضعیت: HOLD               | تعداد: -        | هدف: -          | استاپ: -         | سود/زیان: - | زمان: 1405-04-20 21:39:21
📊 SOL/USDT   | قیمت: 13,826,100.00 تومان | وضعیت: HOLD               | تعداد: -        | هدف: -          | استاپ: -         | سود/زیان: - | زمان: 1405-04-20 21:39:21
📊 AVAX/USDT  | قیمت: 1,197,798.00 تومان | وضعیت: HOLD               | تعداد: -        | هدف: -          | استاپ: -         | سود/زیان: - | زمان: 1405-04-20 21:39:21
📊 NEAR/USDT  | قیمت: 340,338.00 تومان | وضعیت: HOLD               | تعداد: -        | هدف: -          | استاپ: -         | سود/زیان: - | زمان: 1405-04-20 21:39:21
📊 SUI/USDT   | قیمت: 131,829.00 تومان | وضعیت: HOLD               | تعداد: -        | هدف: -          | استاپ: -         | سود/زیان: - | زمان: 1405-04-20 21:39:21
📊 TRX/USDT   | قیمت: 58,960.00  تومان | وضعیت: HOLD               | تعداد: -        | هدف: -          | استاپ: -         | سود/زیان: - | زمان: 1405-04-20 21:39:21
📊 XRP/USDT   | قیمت: 197,112.00 تومان | وضعیت: HOLD               | تعداد: -        | هدف: -          | استاپ: -         | سود/زیان: - | زمان: 1405-04-20 21:39:21
📊 ADA/USDT   | قیمت: 30,255.00  تومان | وضعیت: HOLD               | تعداد: -        | هدف: -          | استاپ: -         | سود/زیان: - | زمان: 1405-04-20 21:39:21
📊 DOGE/USDT  | قیمت: 13,290.00  تومان | وضعیت: HOLD               | تعداد: -        | هدف: -          | استاپ: -         | سود/زیان: - | زمان: 1405-04-20 21:39:21
📊 LINK/USDT  | قیمت: 1,428,987.00 تومان | وضعیت: HOLD               | تعداد: -        | هدف: -          | استاپ: -         | سود/زیان: - | زمان: 1405-04-20 21:39:21
📊 UNI/USDT   | قیمت: 650,256.00 تومان | وضعیت: HOLD               | تعداد: -        | هدف: -          | استاپ: -         | سود/زیان: - | زمان: 1405-04-20 21:39:21
📊 LTC/USDT   | قیمت: 7,956,166.00 تومان | وضعیت: HOLD               | تعداد: -        | هدف: -          | استاپ: -         | سود/زیان: - | زمان: 1405-04-20 21:39:21
📊 BCH/USDT   | قیمت: 43,917,547.00 تومان | وضعیت: HOLD               | تعداد: -        | هدف: -          | استاپ: -         | سود/زیان: - | زمان: 1405-04-20 21:39:21
📊 POL/USDT   | قیمت: 14,149.00  تومان | وضعیت: HOLD               | تعداد: -        | هدف: -          | استاپ: -         | سود/زیان: - | زمان: 1405-04-20 21:39:21
📊 ALGO/USDT  | قیمت: 15,680.00  تومان | وضعیت: HOLD               | تعداد: -        | هدف: -          | استاپ: -         | سود/زیان: - | زمان: 1405-04-20 21:39:21
📊 XLM/USDT   | قیمت: 33,900.00  تومان | وضعیت: HOLD               | تعداد: -        | هدف: -          | استاپ: -         | سود/زیان: - | زمان: 1405-04-20 21:39:21
📊 HBAR/USDT  | قیمت: 12,355.00  تومان | وضعیت: HOLD               | تعداد: -        | هدف: -          | استاپ: -         | سود/زیان: - | زمان: 1405-04-20 21:39:21
📊 GRT/USDT   | قیمت: 3,174.00   تومان | وضعیت: HOLD               | تعداد: -        | هدف: -          | استاپ: -         | سود/زیان: - | زمان: 1405-04-20 21:39:21
📊 ANKR/USDT  | قیمت: 673.00     تومان | وضعیت: HOLD               | تعداد: -        | هدف: -          | استاپ: -         | سود/زیان: - | زمان: 1405-04-20 21:39:21
📊 TNSR/USDT  | قیمت: 5,819.00   تومان | وضعیت: HOLD               | تعداد: -        | هدف: -          | استاپ: -         | سود/زیان: - | زمان: 1405-04-20 21:39:21
📊 2Z/USDT    | قیمت: 12,629.00  تومان | وضعیت: SELL               | تعداد: -        | هدف: -          | استاپ: -         | سود/زیان: - | زمان: 1405-04-20 21:39:21
📊 RENDER/USDT | قیمت: 278,621.00 تومان | وضعیت: HOLD               | تعداد: -        | هدف: -          | استاپ: -         | سود/زیان: - | زمان: 1405-04-20 21:39:21
📊 APE/USDT   | قیمت: 27,619.00  تومان | وضعیت: HOLD               | تعداد: -        | هدف: -          | استاپ: -         | سود/زیان: - | زمان: 1405-04-20 21:39:21
📊 DYDX/USDT  | قیمت: 22,949.00  تومان | وضعیت: HOLD               | تعداد: -        | هدف: -          | استاپ: -         | سود/زیان: - | زمان: 1405-04-20 21:39:21
📊 BASED/USDT | قیمت: 17,403.00  تومان | وضعیت: HOLD               | تعداد: -        | هدف: -          | استاپ: -         | سود/زیان: - | زمان: 1405-04-20 21:39:21
📊 ONE/USDT   | قیمت: 218.00     تومان | وضعیت: HOLD               | تعداد: -        | هدف: -          | استاپ: -         | سود/زیان: - | زمان: 1405-04-20 21:39:21
📊 BICO/USDT  | قیمت: 2,547.00   تومان | وضعیت: HOLD               | تعداد: -        | هدف: -          | استاپ: -         | سود/زیان: - | زمان: 1405-04-20 21:39:21

--- چرخه بعدی پایش در ۳۰۰ ثانیه آینده ---

📊 BTC/USDT   | قیمت: 11,379,079,063.00 تومان | وضعیت: HOLD               | تعداد: -        | هدف: -          | استاپ: -         | سود/زیان: - | زمان: 1405-04-20 21:40:10
📊 ETH/USDT   | قیمت: 322,558,086.00 تومان | وضعیت: HOLD               | تعداد: -        | هدف: -          | استاپ: -         | سود/زیان: - | زمان: 1405-04-20 21:40:10
📊 SOL/USDT   | قیمت: 13,826,100.00 تومان | وضعیت: HOLD               | تعداد: -        | هدف: -          | استاپ: -         | سود/زیان: - | زمان: 1405-04-20 21:40:10
📊 AVAX/USDT  | قیمت: 1,197,798.00 تومان | وضعیت: HOLD               | تعداد: -        | هدف: -          | استاپ: -         | سود/زیان: - | زمان: 1405-04-20 21:40:10
📊 NEAR/USDT  | قیمت: 340,338.00 تومان | وضعیت: HOLD               | تعداد: -        | هدف: -          | استاپ: -         | سود/زیان: - | زمان: 1405-04-20 21:40:10
📊 SUI/USDT   | قیمت: 131,829.00 تومان | وضعیت: HOLD               | تعداد: -        | هدف: -          | استاپ: -         | سود/زیان: - | زمان: 1405-04-20 21:40:10
📊 GRT/USDT   | قیمت: 3,174.00   تومان | وضعیت: HOLD               | تعداد: -        | هدف: -          | استاپ: -         | سود/زیان: - | زمان: 1405-04-20 21:40:24
📊 ANKR/USDT  | قیمت: 668.00     تومان | وضعیت: HOLD               | تعداد: -        | هدف: -          | استاپ: -         | سود/زیان: - | زمان: 1405-04-20 21:40:24
📊 HMSTR/USDT | قیمت: 36.40      تومان | وضعیت: HOLD               | تعداد: -        | هدف: -          | استاپ: -         | سود/زیان: - | زمان: 1405-04-20 21:40:24

--- چرخه بعدی پایش در ۳۰۰ ثانیه آینده ---

📊 GRT/USDT   | قیمت: 3,174.00   تومان | وضعیت: HOLD               | تعداد: -        | هدف: -          | استاپ: -         | سود/زیان: - | زمان: 1405-04-20 21:40:58
📊 ANKR/USDT  | قیمت: 668.00     تومان | وضعیت: HOLD               | تعداد: -        | هدف: -          | استاپ: -         | سود/زیان: - | زمان: 1405-04-20 21:40:58
📊 HMSTR/USDT | قیمت: 36.00      تومان | وضعیت: HOLD               | تعداد: -        | هدف: -          | استاپ: -         | سود/زیان: - | زمان: 1405-04-20 21:40:58

--- چرخه بعدی پایش در ۳۰۰ ثانیه آینده ---

📊 GRT/USDT   | قیمت: 3,174.00   تومان | وضعیت: HOLD               | تعداد: -        | هدف: -          | استاپ: -         | سود/زیان: - | زمان: 1405-04-20 21:41:59
📊 ANKR/USDT  | قیمت: 668.00     تومان | وضعیت: HOLD               | تعداد: -        | هدف: -          | استاپ: -         | سود/زیان: - | زمان: 1405-04-20 21:41:59

--- چرخه بعدی پایش در ۳۰۰ ثانیه آینده ---

📊 GRT/USDT   | قیمت: 3,174.00   تومان | وضعیت: HOLD               | تعداد: -        | هدف: -          | استاپ: -         | سود/زیان: - | زمان: 1405-04-20 21:42:50
📊 ANKR/USDT  | قیمت: 668.00     تومان | وضعیت: HOLD               | تعداد: -        | هدف: -          | استاپ: -         | سود/زیان: - | زمان: 1405-04-20 21:42:50

--- چرخه بعدی پایش در ۳۰۰ ثانیه آینده ---

📊 GRT/USDT   | قیمت: 3,174.00   تومان | وضعیت: HOLD               | تعداد: -        | هدف: -          | استاپ: -         | سود/زیان: - | زمان: 1405-04-20 21:43:21
📊 ANKR/USDT  | قیمت: 668.00     تومان | وضعیت: HOLD               | تعداد: -        | هدف: -          | استاپ: -         | سود/زیان: - | زمان: 1405-04-20 21:43:21

--- چرخه بعدی پایش در ۳۰۰ ثانیه آینده ---

📊 GRT/USDT   | قیمت: 3,174.00   تومان | وضعیت: HOLD               | تعداد: -        | هدف: -          | استاپ: -         | سود/زیان: - | زمان: 1405-04-20 21:43:59
📊 ANKR/USDT  | قیمت: 668.00     تومان | وضعیت: HOLD               | تعداد: -        | هدف: -          | استاپ: -         | سود/زیان: - | زمان: 1405-04-20 21:43:59

--- چرخه بعدی پایش در ۳۰۰ ثانیه آینده ---

📊 GRT/USDT   | قیمت: 3,174.00   تومان | وضعیت: HOLD               | تعداد: -        | هدف: -          | استاپ: -         | سود/زیان: - | زمان: 1405-04-20 21:44:25
📊 ANKR/USDT  | قیمت: 668.00     تومان | وضعیت: HOLD               | تعداد: -        | هدف: -          | استاپ: -         | سود/زیان: - | زمان: 1405-04-20 21:44:25
📊 HMSTR/USDT | قیمت: 36.00      تومان | وضعیت: HOLD               | تعداد: -        | هدف: -          | استاپ: -         | سود/زیان: - | زمان: 1405-04-20 21:44:25

--- چرخه بعدی پایش در ۳۰۰ ثانیه آینده ---

📊 GRT/USDT   | قیمت: 3,174.00   تومان | وضعیت: HOLD               | تعداد: -        | هدف: -          | استاپ: -         | سود/زیان: - | زمان: 1405-04-20 21:44:55
📊 ANKR/USDT  | قیمت: 668.00     تومان | وضعیت: HOLD               | تعداد: -        | هدف: -          | استاپ: -         | سود/زیان: - | زمان: 1405-04-20 21:44:55

--- چرخه بعدی پایش در ۳۰۰ ثانیه آینده ---

📊 GRT/USDT   | قیمت: 3,174.00   تومان | وضعیت: HOLD               | تعداد: -        | هدف: -          | استاپ: -         | سود/زیان: - | زمان: 1405-04-20 21:46:07
📊 ANKR/USDT  | قیمت: 667.00     تومان | وضعیت: HOLD               | تعداد: -        | هدف: -          | استاپ: -         | سود/زیان: - | زمان: 1405-04-20 21:46:07

--- چرخه بعدی پایش در ۳۰۰ ثانیه آینده ---

📊 GRT/USDT   | قیمت: 3,174.00   تومان | وضعیت: HOLD               | تعداد: -        | هدف: -          | استاپ: -         | سود/زیان: - | زمان: 1405-04-20 21:48:07
📊 ANKR/USDT  | قیمت: 66.9       تومان | وضعیت: HOLD               | تعداد: -        | هدف: -          | استاپ: -         | سود/زیان: - | زمان: 1405-04-20 21:48:07
📊 HMSTR/USDT | قیمت: 3.65       تومان | وضعیت: HOLD               | تعداد: -        | هدف: -          | استاپ: -         | سود/زیان: - | زمان: 1405-04-20 21:48:07
📊 DOGS/USDT  | قیمت: 0.71       تومان | وضعیت: HOLD               | تعداد: -        | هدف: -          | استاپ: -         | سود/زیان: - | زمان: 1405-04-20 21:48:07

--- چرخه بعدی پایش در ۳۰۰ ثانیه آینده ---

📊 GRT/USDT   | قیمت: 3,174.00   تومان | وضعیت: HOLD               | تعداد: -        | هدف: -          | استاپ: -         | سود/زیان: - | زمان: 1405-04-20 21:48:22
📊 ANKR/USDT  | قیمت: 66.9       تومان | وضعیت: HOLD               | تعداد: -        | هدف: -          | استاپ: -         | سود/زیان: - | زمان: 1405-04-20 21:48:22
📊 DOGS/USDT  | قیمت: 0.71       تومان | وضعیت: HOLD               | تعداد: -        | هدف: -          | استاپ: -         | سود/زیان: - | زمان: 1405-04-20 21:48:22

--- چرخه بعدی پایش در ۳۰۰ ثانیه آینده ---

📊 GRT/USDT   | قیمت: 3,174.00   تومان | وضعیت: HOLD               | تعداد: -        | هدف: -          | استاپ: -         | سود/زیان: - | زمان: 1405-04-20 21:49:14
📊 ANKR/USDT  | قیمت: 67.0       تومان | وضعیت: HOLD               | تعداد: -        | هدف: -          | استاپ: -         | سود/زیان: - | زمان: 1405-04-20 21:49:14

--- چرخه بعدی پایش در ۳۰۰ ثانیه آینده ---

📊 GRT/USDT   | قیمت: 3,174.00   تومان | وضعیت: HOLD               | تعداد: -        | هدف: -          | استاپ: -         | سود/زیان: - | زمان: 1405-04-20 21:49:45
📊 ANKR/USDT  | قیمت: 67.0       تومان | وضعیت: HOLD               | تعداد: -        | هدف: -          | استاپ: -         | سود/زیان: - | زمان: 1405-04-20 21:49:45

--- چرخه بعدی پایش در ۳۰۰ ثانیه آینده ---

📊 GRT/USDT   | قیمت: 3,174.00   تومان | وضعیت: HOLD               | تعداد: -        | هدف: -          | استاپ: -         | سود/زیان: - | زمان: 1405-04-20 21:50:38
📊 ANKR/USDT  | قیمت: 67.0       تومان | وضعیت: HOLD               | تعداد: -        | هدف: -          | استاپ: -         | سود/زیان: - | زمان: 1405-04-20 21:50:38
📊 HMSTR/USDT | قیمت: 3.62       تومان | وضعیت: HOLD               | تعداد: -        | هدف: -          | استاپ: -         | سود/زیان: - | زمان: 1405-04-20 21:50:38

--- چرخه بعدی پایش در ۳۰۰ ثانیه آینده ---

📊 GRT/USDT   | قیمت: 3,174.00   تومان | وضعیت: HOLD               | تعداد: -        | هدف: -          | استاپ: -         | سود/زیان: - | زمان: 1405-04-20 21:51:49
📊 ANKR/USDT  | قیمت: 670.00     تومان | وضعیت: HOLD               | تعداد: -        | هدف: -          | استاپ: -         | سود/زیان: - | زمان: 1405-04-20 21:51:49
📊 HMSTR/USDT | قیمت: 36.20      تومان | وضعیت: HOLD               | تعداد: -        | هدف: -          | استاپ: -         | سود/زیان: - | زمان: 1405-04-20 21:51:49

--- چرخه بعدی پایش در ۳۰۰ ثانیه آینده ---

📊 GRT/USDT   | قیمت: 3,174.00   تومان | وضعیت: HOLD               | تعداد: -        | هدف: -          | استاپ: -         | سود/زیان: - | زمان: 1405-04-20 21:52:29
📊 ANKR/USDT  | قیمت: 670.00     تومان | وضعیت: HOLD               | تعداد: -        | هدف: -          | استاپ: -         | سود/زیان: - | زمان: 1405-04-20 21:52:29

--- چرخه بعدی پایش در ۳۰۰ ثانیه آینده ---

📊 GRT/USDT   | قیمت: 3,174.00   تومان | وضعیت: HOLD               | تعداد: -        | هدف: -          | استاپ: -         | سود/زیان: - | زمان: 1405-04-20 21:54:03
📊 ANKR/USDT  | قیمت: 670.00     تومان | وضعیت: HOLD               | تعداد: -        | هدف: -          | استاپ: -         | سود/زیان: - | زمان: 1405-04-20 21:54:03

--- چرخه بعدی پایش در ۳۰۰ ثانیه آینده ---

📊 GRT/USDT   | قیمت: 3,174.00   تومان | وضعیت: HOLD               | تعداد: -        | هدف: -          | استاپ: -         | سود/زیان: - | زمان: 1405-04-20 21:55:47
📊 ANKR/USDT  | قیمت: 667.00     تومان | وضعیت: HOLD               | تعداد: -        | هدف: -          | استاپ: -         | سود/زیان: - | زمان: 1405-04-20 21:55:47

--- چرخه بعدی پایش در ۳۰۰ ثانیه آینده ---

📊 GRT/USDT   | قیمت: 3,174.00   تومان | وضعیت: HOLD               | تعداد: -        | هدف: -          | استاپ: -         | سود/زیان: - | زمان: 1405-04-20 21:58:05
📊 ANKR/USDT  | قیمت: 667.00     تومان | وضعیت: HOLD               | تعداد: -        | هدف: -          | استاپ: -         | سود/زیان: - | زمان: 1405-04-20 21:58:05
📊 HMSTR/USDT | قیمت: 35.80      تومان | وضعیت: HOLD               | تعداد: -        | هدف: -          | استاپ: -         | سود/زیان: - | زمان: 1405-04-20 21:58:05

--- چرخه بعدی پایش در ۳۰۰ ثانیه آینده ---

📊 GRT/USDT   | قیمت: 3174.0     تومان | وضعیت: HOLD               | تعداد: -        | هدف: -          | استاپ: -         | سود/زیان: - | زمان: 1405-04-20 21:58:27
📊 ANKR/USDT  | قیمت: 667.0      تومان | وضعیت: HOLD               | تعداد: -        | هدف: -          | استاپ: -         | سود/زیان: - | زمان: 1405-04-20 21:58:27

--- چرخه بعدی پایش در ۳۰۰ ثانیه آینده ---

📊 GRT/USDT   | قیمت: 3,174.00   تومان | وضعیت: HOLD               | تعداد: -        | هدف: -          | استاپ: -         | سود/زیان: - | زمان: 1405-04-20 22:00:55
📊 ANKR/USDT  | قیمت: 669.00     تومان | وضعیت: SELL               | تعداد: -        | هدف: -          | استاپ: -         | سود/زیان: - | زمان: 1405-04-20 22:00:55
📊 HMSTR/USDT | قیمت: 35.80      تومان | وضعیت: SELL               | تعداد: -        | هدف: -          | استاپ: -         | سود/زیان: - | زمان: 1405-04-20 22:00:55

--- چرخه بعدی پایش در ۳۰۰ ثانیه آینده ---

📊 GRT/USDT   | قیمت: 3,166.00   تومان | وضعیت: HOLD               | تعداد: -        | هدف: -          | استاپ: -         | سود/زیان: - | زمان: 1405-04-20 22:04:36
📊 ANKR/USDT  | قیمت: 674.00     تومان | وضعیت: SELL               | تعداد: -        | هدف: -          | استاپ: -         | سود/زیان: - | زمان: 1405-04-20 22:04:36
📊 HMSTR/USDT | قیمت: 36.14      تومان | وضعیت: SELL               | تعداد: -        | هدف: -          | استاپ: -         | سود/زیان: - | زمان: 1405-04-20 22:04:36
📊 DOGS/USDT  | قیمت: 7.10       تومان | وضعیت: HOLD               | تعداد: -        | هدف: -          | استاپ: -         | سود/زیان: - | زمان: 1405-04-20 22:04:36

--- چرخه بعدی پایش در ۳۰۰ ثانیه آینده ---

📊 GRT/USDT   | قیمت: 3,166.00   تومان | وضعیت: HOLD               | تعداد: -        | هدف: -          | استاپ: -         | سود/زیان: - | زمان: 1405-04-20 22:04:57
📊 ANKR/USDT  | قیمت: 674.00     تومان | وضعیت: SELL               | تعداد: -        | هدف: -          | استاپ: -         | سود/زیان: - | زمان: 1405-04-20 22:04:57
📊 HMSTR/USDT | قیمت: 36.13      تومان | وضعیت: SELL               | تعداد: -        | هدف: -          | استاپ: -         | سود/زیان: - | زمان: 1405-04-20 22:04:57
📊 DOGS/USDT  | قیمت: 7.10       تومان | وضعیت: HOLD               | تعداد: -        | هدف: -          | استاپ: -         | سود/زیان: - | زمان: 1405-04-20 22:04:57

--- چرخه بعدی پایش در ۳۰۰ ثانیه آینده ---

📊 BTC/USDT   | قیمت: 11,373,000,000.00 تومان | وضعیت: HOLD               | تعداد: -        | هدف: -          | استاپ: -         | سود/زیان: - | زمان: 1405-04-20 22:05:26
📊 ETH/USDT   | قیمت: 323,299,989.00 تومان | وضعیت: HOLD               | تعداد: -        | هدف: -          | استاپ: -         | سود/زیان: - | زمان: 1405-04-20 22:05:26
📊 SOL/USDT   | قیمت: 13,929,324.00 تومان | وضعیت: HOLD               | تعداد: -        | هدف: -          | استاپ: -         | سود/زیان: - | زمان: 1405-04-20 22:05:26
📊 AVAX/USDT  | قیمت: 1,197,798.00 تومان | وضعیت: HOLD               | تعداد: -        | هدف: -          | استاپ: -         | سود/زیان: - | زمان: 1405-04-20 22:05:26
📊 NEAR/USDT  | قیمت: 340,338.00 تومان | وضعیت: HOLD               | تعداد: -        | هدف: -          | استاپ: -         | سود/زیان: - | زمان: 1405-04-20 22:05:26
📊 SUI/USDT   | قیمت: 132,023.00 تومان | وضعیت: HOLD               | تعداد: -        | هدف: -          | استاپ: -         | سود/زیان: - | زمان: 1405-04-20 22:05:26
📊 TRX/USDT   | قیمت: 59,030.00  تومان | وضعیت: HOLD               | تعداد: -        | هدف: -          | استاپ: -         | سود/زیان: - | زمان: 1405-04-20 22:05:26
📊 XRP/USDT   | قیمت: 197,297.00 تومان | وضعیت: HOLD               | تعداد: -        | هدف: -          | استاپ: -         | سود/زیان: - | زمان: 1405-04-20 22:05:26
📊 ADA/USDT   | قیمت: 30,720.00  تومان | وضعیت: HOLD               | تعداد: -        | هدف: -          | استاپ: -         | سود/زیان: - | زمان: 1405-04-20 22:05:26
📊 DOGE/USDT  | قیمت: 13,269.90  تومان | وضعیت: HOLD               | تعداد: -        | هدف: -          | استاپ: -         | سود/زیان: - | زمان: 1405-04-20 22:05:26
📊 LINK/USDT  | قیمت: 1,423,095.00 تومان | وضعیت: HOLD               | تعداد: -        | هدف: -          | استاپ: -         | سود/زیان: - | زمان: 1405-04-20 22:05:26
📊 UNI/USDT   | قیمت: 659,361.00 تومان | وضعیت: HOLD               | تعداد: -        | هدف: -          | استاپ: -         | سود/زیان: - | زمان: 1405-04-20 22:05:26
📊 LTC/USDT   | قیمت: 8,034,233.00 تومان | وضعیت: HOLD               | تعداد: -        | هدف: -          | استاپ: -         | سود/زیان: - | زمان: 1405-04-20 22:05:26
📊 BCH/USDT   | قیمت: 43,623,410.00 تومان | وضعیت: HOLD               | تعداد: -        | هدف: -          | استاپ: -         | سود/زیان: - | زمان: 1405-04-20 22:05:26
📊 POL/USDT   | قیمت: 14,300.00  تومان | وضعیت: HOLD               | تعداد: -        | هدف: -          | استاپ: -         | سود/زیان: - | زمان: 1405-04-20 22:05:26
📊 ALGO/USDT  | قیمت: 15,900.00  تومان | وضعیت: HOLD               | تعداد: -        | هدف: -          | استاپ: -         | سود/زیان: - | زمان: 1405-04-20 22:05:26
📊 XLM/USDT   | قیمت: 33,900.00  تومان | وضعیت: HOLD               | تعداد: -        | هدف: -          | استاپ: -         | سود/زیان: - | زمان: 1405-04-20 22:05:26
📊 HBAR/USDT  | قیمت: 12,304.00  تومان | وضعیت: HOLD               | تعداد: -        | هدف: -          | استاپ: -         | سود/زیان: - | زمان: 1405-04-20 22:05:26
📊 GRT/USDT   | قیمت: 3,166.00   تومان | وضعیت: HOLD               | تعداد: -        | هدف: -          | استاپ: -         | سود/زیان: - | زمان: 1405-04-20 22:05:26
📊 ANKR/USDT  | قیمت: 674.00     تومان | وضعیت: SELL               | تعداد: -        | هدف: -          | استاپ: -         | سود/زیان: - | زمان: 1405-04-20 22:05:26
📊 HMSTR/USDT | قیمت: 36.05      تومان | وضعیت: SELL               | تعداد: -        | هدف: -          | استاپ: -         | سود/زیان: - | زمان: 1405-04-20 22:05:26
📊 DOGS/USDT  | قیمت: 7.13       تومان | وضعیت: HOLD               | تعداد: -        | هدف: -          | استاپ: -         | سود/زیان: - | زمان: 1405-04-20 22:05:26
📊 TNSR/USDT  | قیمت: 5,764.00   تومان | وضعیت: HOLD               | تعداد: -        | هدف: -          | استاپ: -         | سود/زیان: - | زمان: 1405-04-20 22:05:26
📊 2Z/USDT    | قیمت: 12,506.00  تومان | وضعیت: HOLD               | تعداد: -        | هدف: -          | استاپ: -         | سود/زیان: - | زمان: 1405-04-20 22:05:26
📊 RENDER/USDT | قیمت: 276,822.00 تومان | وضعیت: HOLD               | تعداد: -        | هدف: -          | استاپ: -         | سود/زیان: - | زمان: 1405-04-20 22:05:26
📊 APE/USDT   | قیمت: 27,597.00  تومان | وضعیت: HOLD               | تعداد: -        | هدف: -          | استاپ: -         | سود/زیان: - | زمان: 1405-04-20 22:05:26
📊 DYDX/USDT  | قیمت: 22,920.00  تومان | وضعیت: HOLD               | تعداد: -        | هدف: -          | استاپ: -         | سود/زیان: - | زمان: 1405-04-20 22:05:26
📊 BASED/USDT | قیمت: 17,450.00  تومان | وضعیت: HOLD               | تعداد: -        | هدف: -          | استاپ: -         | سود/زیان: - | زمان: 1405-04-20 22:05:26
📊 ONE/USDT   | قیمت: 217.00     تومان | وضعیت: HOLD               | تعداد: -        | هدف: -          | استاپ: -         | سود/زیان: - | زمان: 1405-04-20 22:05:26
📊 BICO/USDT  | قیمت: 2,549.00   تومان | وضعیت: HOLD               | تعداد: -        | هدف: -          | استاپ: -         | سود/زیان: - | زمان: 1405-04-20 22:05:26

--- چرخه بعدی پایش در ۳۰۰ ثانیه آینده ---

📊 BTC/USDT   | قیمت: 11,361,000,000.00 تومان | وضعیت: HOLD               | تعداد: -        | هدف: -          | استاپ: -         | سود/زیان: - | زمان: 1405-04-20 22:11:04
📊 ETH/USDT   | قیمت: 323,648,597.00 تومان | وضعیت: HOLD               | تعداد: -        | هدف: -          | استاپ: -         | سود/زیان: - | زمان: 1405-04-20 22:11:04
📊 SOL/USDT   | قیمت: 13,890,118.00 تومان | وضعیت: HOLD               | تعداد: -        | هدف: -          | استاپ: -         | سود/زیان: - | زمان: 1405-04-20 22:11:04
📊 AVAX/USDT  | قیمت: 1,197,798.00 تومان | وضعیت: HOLD               | تعداد: -        | هدف: -          | استاپ: -         | سود/زیان: - | زمان: 1405-04-20 22:11:04
📊 NEAR/USDT  | قیمت: 343,998.00 تومان | وضعیت: HOLD               | تعداد: -        | هدف: -          | استاپ: -         | سود/زیان: - | زمان: 1405-04-20 22:11:04
📊 SUI/USDT   | قیمت: 132,023.00 تومان | وضعیت: HOLD               | تعداد: -        | هدف: -          | استاپ: -         | سود/زیان: - | زمان: 1405-04-20 22:11:04
📊 TRX/USDT   | قیمت: 59,227.00  تومان | وضعیت: HOLD               | تعداد: -        | هدف: -          | استاپ: -         | سود/زیان: - | زمان: 1405-04-20 22:11:04
📊 XRP/USDT   | قیمت: 197,400.00 تومان | وضعیت: HOLD               | تعداد: -        | هدف: -          | استاپ: -         | سود/زیان: - | زمان: 1405-04-20 22:11:04
📊 ADA/USDT   | قیمت: 30,460.00  تومان | وضعیت: HOLD               | تعداد: -        | هدف: -          | استاپ: -         | سود/زیان: - | زمان: 1405-04-20 22:11:04
📊 BTC/USDT   | قیمت: 11,373,000,001.00 تومان | وضعیت: HOLD               | تعداد: -        | هدف: -          | استاپ: -         | سود/زیان: - | زمان: 1405-04-20 22:11:20
📊 ETH/USDT   | قیمت: 323,648,597.00 تومان | وضعیت: HOLD               | تعداد: -        | هدف: -          | استاپ: -         | سود/زیان: - | زمان: 1405-04-20 22:11:20
📊 SOL/USDT   | قیمت: 13,820,307.00 تومان | وضعیت: HOLD               | تعداد: -        | هدف: -          | استاپ: -         | سود/زیان: - | زمان: 1405-04-20 22:11:20
📊 AVAX/USDT  | قیمت: 1,197,798.00 تومان | وضعیت: HOLD               | تعداد: -        | هدف: -          | استاپ: -         | سود/زیان: - | زمان: 1405-04-20 22:11:20
📊 NEAR/USDT  | قیمت: 339,001.00 تومان | وضعیت: HOLD               | تعداد: -        | هدف: -          | استاپ: -         | سود/زیان: - | زمان: 1405-04-20 22:11:20
📊 SUI/USDT   | قیمت: 132,023.00 تومان | وضعیت: HOLD               | تعداد: -        | هدف: -          | استاپ: -         | سود/زیان: - | زمان: 1405-04-20 22:11:20
📊 TRX/USDT   | قیمت: 59,186.00  تومان | وضعیت: HOLD               | تعداد: -        | هدف: -          | استاپ: -         | سود/زیان: - | زمان: 1405-04-20 22:11:20
📊 XRP/USDT   | قیمت: 197,201.00 تومان | وضعیت: HOLD               | تعداد: -        | هدف: -          | استاپ: -         | سود/زیان: - | زمان: 1405-04-20 22:11:20
📊 ADA/USDT   | قیمت: 30,464.00  تومان | وضعیت: HOLD               | تعداد: -        | هدف: -          | استاپ: -         | سود/زیان: - | زمان: 1405-04-20 22:11:20
📊 DOGE/USDT  | قیمت: 13,274.90  تومان | وضعیت: HOLD               | تعداد: -        | هدف: -          | استاپ: -         | سود/زیان: - | زمان: 1405-04-20 22:11:20
📊 LINK/USDT  | قیمت: 1,423,250.00 تومان | وضعیت: HOLD               | تعداد: -        | هدف: -          | استاپ: -         | سود/زیان: - | زمان: 1405-04-20 22:11:20
📊 UNI/USDT   | قیمت: 657,182.00 تومان | وضعیت: HOLD               | تعداد: -        | هدف: -          | استاپ: -         | سود/زیان: - | زمان: 1405-04-20 22:11:20
📊 LTC/USDT   | قیمت: 7,999,417.00 تومان | وضعیت: HOLD               | تعداد: -        | هدف: -          | استاپ: -         | سود/زیان: - | زمان: 1405-04-20 22:11:20
📊 BCH/USDT   | قیمت: 43,623,410.00 تومان | وضعیت: HOLD               | تعداد: -        | هدف: -          | استاپ: -         | سود/زیان: - | زمان: 1405-04-20 22:11:20
📊 POL/USDT   | قیمت: 14,426.00  تومان | وضعیت: HOLD               | تعداد: -        | هدف: -          | استاپ: -         | سود/زیان: - | زمان: 1405-04-20 22:11:20
📊 ALGO/USDT  | قیمت: 15,880.00  تومان | وضعیت: HOLD               | تعداد: -        | هدف: -          | استاپ: -         | سود/زیان: - | زمان: 1405-04-20 22:11:20
📊 XLM/USDT   | قیمت: 33,901.00  تومان | وضعیت: HOLD               | تعداد: -        | هدف: -          | استاپ: -         | سود/زیان: - | زمان: 1405-04-20 22:11:20
📊 HBAR/USDT  | قیمت: 12,326.00  تومان | وضعیت: HOLD               | تعداد: -        | هدف: -          | استاپ: -         | سود/زیان: - | زمان: 1405-04-20 22:11:20
📊 GRT/USDT   | قیمت: 3,166.00   تومان | وضعیت: HOLD               | تعداد: -        | هدف: -          | استاپ: -         | سود/زیان: - | زمان: 1405-04-20 22:11:20
📊 ANKR/USDT  | قیمت: 670.00     تومان | وضعیت: SELL               | تعداد: -        | هدف: -          | استاپ: -         | سود/زیان: - | زمان: 1405-04-20 22:11:20
📊 HMSTR/USDT | قیمت: 36.00      تومان | وضعیت: SELL               | تعداد: -        | هدف: -          | استاپ: -         | سود/زیان: - | زمان: 1405-04-20 22:11:20
📊 DOGS/USDT  | قیمت: 7.07       تومان | وضعیت: HOLD               | تعداد: -        | هدف: -          | استاپ: -         | سود/زیان: - | زمان: 1405-04-20 22:11:20
📊 TNSR/USDT  | قیمت: 5,764.00   تومان | وضعیت: HOLD               | تعداد: -        | هدف: -          | استاپ: -         | سود/زیان: - | زمان: 1405-04-20 22:11:20
📊 2Z/USDT    | قیمت: 12,506.00  تومان | وضعیت: HOLD               | تعداد: -        | هدف: -          | استاپ: -         | سود/زیان: - | زمان: 1405-04-20 22:11:20
📊 RENDER/USDT | قیمت: 276,938.00 تومان | وضعیت: HOLD               | تعداد: -        | هدف: -          | استاپ: -         | سود/زیان: - | زمان: 1405-04-20 22:11:20
📊 APE/USDT   | قیمت: 27,597.00  تومان | وضعیت: HOLD               | تعداد: -        | هدف: -          | استاپ: -         | سود/زیان: - | زمان: 1405-04-20 22:11:20
📊 DYDX/USDT  | قیمت: 22,886.00  تومان | وضعیت: HOLD               | تعداد: -        | هدف: -          | استاپ: -         | سود/زیان: - | زمان: 1405-04-20 22:11:20
📊 BASED/USDT | قیمت: 17,600.00  تومان | وضعیت: HOLD               | تعداد: -        | هدف: -          | استاپ: -         | سود/زیان: - | زمان: 1405-04-20 22:11:20
📊 ONE/USDT   | قیمت: 218.00     تومان | وضعیت: HOLD               | تعداد: -        | هدف: -          | استاپ: -         | سود/زیان: - | زمان: 1405-04-20 22:11:20
📊 BICO/USDT  | قیمت: 2,548.00   تومان | وضعیت: HOLD               | تعداد: -        | هدف: -          | استاپ: -         | سود/زیان: - | زمان: 1405-04-20 22:11:20

--- چرخه بعدی پایش در ۳۰۰ ثانیه آینده ---

📊 BTC/USDT   | قیمت: 11,373,049,846.00 تومان | وضعیت: HOLD               | تعداد: -        | هدف: -          | استاپ: -         | سود/زیان: - | زمان: 1405-04-20 22:16:57
📊 ETH/USDT   | قیمت: 323,299,989.00 تومان | وضعیت: HOLD               | تعداد: -        | هدف: -          | استاپ: -         | سود/زیان: - | زمان: 1405-04-20 22:16:57
📊 SOL/USDT   | قیمت: 13,899,966.00 تومان | وضعیت: HOLD               | تعداد: -        | هدف: -          | استاپ: -         | سود/زیان: - | زمان: 1405-04-20 22:16:57
📊 AVAX/USDT  | قیمت: 1,199,818.00 تومان | وضعیت: HOLD               | تعداد: -        | هدف: -          | استاپ: -         | سود/زیان: - | زمان: 1405-04-20 22:16:57
📊 NEAR/USDT  | قیمت: 340,000.00 تومان | وضعیت: HOLD               | تعداد: -        | هدف: -          | استاپ: -         | سود/زیان: - | زمان: 1405-04-20 22:16:57
📊 SUI/USDT   | قیمت: 132,560.00 تومان | وضعیت: HOLD               | تعداد: -        | هدف: -          | استاپ: -         | سود/زیان: - | زمان: 1405-04-20 22:16:57
📊 TRX/USDT   | قیمت: 59,299.00  تومان | وضعیت: HOLD               | تعداد: -        | هدف: -          | استاپ: -         | سود/زیان: - | زمان: 1405-04-20 22:16:57
📊 XRP/USDT   | قیمت: 197,268.00 تومان | وضعیت: HOLD               | تعداد: -        | هدف: -          | استاپ: -         | سود/زیان: - | زمان: 1405-04-20 22:16:57
📊 ADA/USDT   | قیمت: 30,419.00  تومان | وضعیت: HOLD               | تعداد: -        | هدف: -          | استاپ: -         | سود/زیان: - | زمان: 1405-04-20 22:16:57
📊 DOGE/USDT  | قیمت: 13,290.00  تومان | وضعیت: HOLD               | تعداد: -        | هدف: -          | استاپ: -         | سود/زیان: - | زمان: 1405-04-20 22:16:57
📊 LINK/USDT  | قیمت: 1,423,250.00 تومان | وضعیت: HOLD               | تعداد: -        | هدف: -          | استاپ: -         | سود/زیان: - | زمان: 1405-04-20 22:16:57
📊 UNI/USDT   | قیمت: 657,182.00 تومان | وضعیت: HOLD               | تعداد: -        | هدف: -          | استاپ: -         | سود/زیان: - | زمان: 1405-04-20 22:16:57
📊 LTC/USDT   | قیمت: 8,021,593.00 تومان | وضعیت: HOLD               | تعداد: -        | هدف: -          | استاپ: -         | سود/زیان: - | زمان: 1405-04-20 22:16:57
📊 BCH/USDT   | قیمت: 43,842,770.00 تومان | وضعیت: HOLD               | تعداد: -        | هدف: -          | استاپ: -         | سود/زیان: - | زمان: 1405-04-20 22:16:57
📊 POL/USDT   | قیمت: 14,261.00  تومان | وضعیت: HOLD               | تعداد: -        | هدف: -          | استاپ: -         | سود/زیان: - | زمان: 1405-04-20 22:16:57
📊 ALGO/USDT  | قیمت: 15,884.00  تومان | وضعیت: HOLD               | تعداد: -        | هدف: -          | استاپ: -         | سود/زیان: - | زمان: 1405-04-20 22:16:57
📊 XLM/USDT   | قیمت: 33,901.00  تومان | وضعیت: HOLD               | تعداد: -        | هدف: -          | استاپ: -         | سود/زیان: - | زمان: 1405-04-20 22:16:57
📊 HBAR/USDT  | قیمت: 12,392.00  تومان | وضعیت: HOLD               | تعداد: -        | هدف: -          | استاپ: -         | سود/زیان: - | زمان: 1405-04-20 22:16:57
📊 GRT/USDT   | قیمت: 3,166.00   تومان | وضعیت: HOLD               | تعداد: -        | هدف: -          | استاپ: -         | سود/زیان: - | زمان: 1405-04-20 22:16:57
📊 ANKR/USDT  | قیمت: 670.00     تومان | وضعیت: SELL               | تعداد: -        | هدف: -          | استاپ: -         | سود/زیان: - | زمان: 1405-04-20 22:16:57
📊 HMSTR/USDT | قیمت: 35.95      تومان | وضعیت: SELL               | تعداد: -        | هدف: -          | استاپ: -         | سود/زیان: - | زمان: 1405-04-20 22:16:57
📊 DOGS/USDT  | قیمت: 7.07       تومان | وضعیت: HOLD               | تعداد: -        | هدف: -          | استاپ: -         | سود/زیان: - | زمان: 1405-04-20 22:16:57
📊 TNSR/USDT  | قیمت: 5,764.00   تومان | وضعیت: HOLD               | تعداد: -        | هدف: -          | استاپ: -         | سود/زیان: - | زمان: 1405-04-20 22:16:57
📊 2Z/USDT    | قیمت: 12,506.00  تومان | وضعیت: HOLD               | تعداد: -        | هدف: -          | استاپ: -         | سود/زیان: - | زمان: 1405-04-20 22:16:57
📊 RENDER/USDT | قیمت: 276,938.00 تومان | وضعیت: HOLD               | تعداد: -        | هدف: -          | استاپ: -         | سود/زیان: - | زمان: 1405-04-20 22:16:57
📊 APE/USDT   | قیمت: 27,724.00  تومان | وضعیت: HOLD               | تعداد: -        | هدف: -          | استاپ: -         | سود/زیان: - | زمان: 1405-04-20 22:16:57
📊 DYDX/USDT  | قیمت: 22,920.00  تومان | وضعیت: HOLD               | تعداد: -        | هدف: -          | استاپ: -         | سود/زیان: - | زمان: 1405-04-20 22:16:57
📊 BASED/USDT | قیمت: 17,600.00  تومان | وضعیت: HOLD               | تعداد: -        | هدف: -          | استاپ: -         | سود/زیان: - | زمان: 1405-04-20 22:16:57
📊 ONE/USDT   | قیمت: 218.00     تومان | وضعیت: HOLD               | تعداد: -        | هدف: -          | استاپ: -         | سود/زیان: - | زمان: 1405-04-20 22:16:57
📊 BICO/USDT  | قیمت: 2,548.00   تومان | وضعیت: HOLD               | تعداد: -        | هدف: -          | استاپ: -         | سود/زیان: - | زمان: 1405-04-20 22:16:57

--- چرخه بعدی پایش در ۳۰۰ ثانیه آینده ---

📊 BTC/USDT   | قیمت: 11,373,049,846.00 تومان | وضعیت: HOLD               | تعداد: -        | هدف: -          | استاپ: -         | سود/زیان: - | زمان: 1405-04-20 22:22:28
📊 ETH/USDT   | قیمت: 323,648,598.00 تومان | وضعیت: HOLD               | تعداد: -        | هدف: -          | استاپ: -         | سود/زیان: - | زمان: 1405-04-20 22:22:28
📊 SOL/USDT   | قیمت: 13,928,973.00 تومان | وضعیت: HOLD               | تعداد: -        | هدف: -          | استاپ: -         | سود/زیان: - | زمان: 1405-04-20 22:22:28
📊 AVAX/USDT  | قیمت: 1,199,818.00 تومان | وضعیت: HOLD               | تعداد: -        | هدف: -          | استاپ: -         | سود/زیان: - | زمان: 1405-04-20 22:22:28
📊 NEAR/USDT  | قیمت: 340,000.00 تومان | وضعیت: HOLD               | تعداد: -        | هدف: -          | استاپ: -         | سود/زیان: - | زمان: 1405-04-20 22:22:28
📊 SUI/USDT   | قیمت: 132,560.00 تومان | وضعیت: HOLD               | تعداد: -        | هدف: -          | استاپ: -         | سود/زیان: - | زمان: 1405-04-20 22:22:28
📊 TRX/USDT   | قیمت: 59,001.00  تومان | وضعیت: HOLD               | تعداد: -        | هدف: -          | استاپ: -         | سود/زیان: - | زمان: 1405-04-20 22:22:28
📊 XRP/USDT   | قیمت: 197,495.00 تومان | وضعیت: HOLD               | تعداد: -        | هدف: -          | استاپ: -         | سود/زیان: - | زمان: 1405-04-20 22:22:28
📊 ADA/USDT   | قیمت: 30,419.00  تومان | وضعیت: HOLD               | تعداد: -        | هدف: -          | استاپ: -         | سود/زیان: - | زمان: 1405-04-20 22:22:28
📊 DOGE/USDT  | قیمت: 13,274.00  تومان | وضعیت: HOLD               | تعداد: -        | هدف: -          | استاپ: -         | سود/زیان: - | زمان: 1405-04-20 22:22:28
📊 LINK/USDT  | قیمت: 1,423,250.00 تومان | وضعیت: HOLD               | تعداد: -        | هدف: -          | استاپ: -         | سود/زیان: - | زمان: 1405-04-20 22:22:28
📊 UNI/USDT   | قیمت: 659,310.00 تومان | وضعیت: HOLD               | تعداد: -        | هدف: -          | استاپ: -         | سود/زیان: - | زمان: 1405-04-20 22:22:28
📊 LTC/USDT   | قیمت: 8,019,155.00 تومان | وضعیت: HOLD               | تعداد: -        | هدف: -          | استاپ: -         | سود/زیان: - | زمان: 1405-04-20 22:22:28
📊 BCH/USDT   | قیمت: 43,842,770.00 تومان | وضعیت: HOLD               | تعداد: -        | هدف: -          | استاپ: -         | سود/زیان: - | زمان: 1405-04-20 22:22:28
📊 POL/USDT   | قیمت: 14,223.00  تومان | وضعیت: HOLD               | تعداد: -        | هدف: -          | استاپ: -         | سود/زیان: - | زمان: 1405-04-20 22:22:28
📊 ALGO/USDT  | قیمت: 15,880.00  تومان | وضعیت: HOLD               | تعداد: -        | هدف: -          | استاپ: -         | سود/زیان: - | زمان: 1405-04-20 22:22:28
📊 XLM/USDT   | قیمت: 33,789.00  تومان | وضعیت: HOLD               | تعداد: -        | هدف: -          | استاپ: -         | سود/زیان: - | زمان: 1405-04-20 22:22:28
📊 HBAR/USDT  | قیمت: 12,392.00  تومان | وضعیت: HOLD               | تعداد: -        | هدف: -          | استاپ: -         | سود/زیان: - | زمان: 1405-04-20 22:22:28
📊 GRT/USDT   | قیمت: 3,166.00   تومان | وضعیت: HOLD               | تعداد: -        | هدف: -          | استاپ: -         | سود/زیان: - | زمان: 1405-04-20 22:22:28
📊 ANKR/USDT  | قیمت: 670.00     تومان | وضعیت: SELL               | تعداد: -        | هدف: -          | استاپ: -         | سود/زیان: - | زمان: 1405-04-20 22:22:28
📊 HMSTR/USDT | قیمت: 35.90      تومان | وضعیت: SELL               | تعداد: -        | هدف: -          | استاپ: -         | سود/زیان: - | زمان: 1405-04-20 22:22:28
📊 DOGS/USDT  | قیمت: 7.08       تومان | وضعیت: HOLD               | تعداد: -        | هدف: -          | استاپ: -         | سود/زیان: - | زمان: 1405-04-20 22:22:28
📊 TNSR/USDT  | قیمت: 5,828.00   تومان | وضعیت: HOLD               | تعداد: -        | هدف: -          | استاپ: -         | سود/زیان: - | زمان: 1405-04-20 22:22:28
📊 2Z/USDT    | قیمت: 12,506.00  تومان | وضعیت: HOLD               | تعداد: -        | هدف: -          | استاپ: -         | سود/زیان: - | زمان: 1405-04-20 22:22:28
📊 RENDER/USDT | قیمت: 276,938.00 تومان | وضعیت: HOLD               | تعداد: -        | هدف: -          | استاپ: -         | سود/زیان: - | زمان: 1405-04-20 22:22:28
📊 APE/USDT   | قیمت: 27,724.00  تومان | وضعیت: HOLD               | تعداد: -        | هدف: -          | استاپ: -         | سود/زیان: - | زمان: 1405-04-20 22:22:28
📊 DYDX/USDT  | قیمت: 22,920.00  تومان | وضعیت: HOLD               | تعداد: -        | هدف: -          | استاپ: -         | سود/زیان: - | زمان: 1405-04-20 22:22:28
📊 BASED/USDT | قیمت: 17,600.00  تومان | وضعیت: HOLD               | تعداد: -        | هدف: -          | استاپ: -         | سود/زیان: - | زمان: 1405-04-20 22:22:28
📊 ONE/USDT   | قیمت: 218.00     تومان | وضعیت: HOLD               | تعداد: -        | هدف: -          | استاپ: -         | سود/زیان: - | زمان: 1405-04-20 22:22:28
📊 BICO/USDT  | قیمت: 2,535.00   تومان | وضعیت: HOLD               | تعداد: -        | هدف: -          | استاپ: -         | سود/زیان: - | زمان: 1405-04-20 22:22:28

--- چرخه بعدی پایش در ۳۰۰ ثانیه آینده ---

📊 BTC/USDT   | قیمت: 11,380,000,000.00 تومان | وضعیت: HOLD               | تعداد: -        | هدف: -          | استاپ: -         | سود/زیان: - | زمان: 1405-04-20 22:28:01
📊 ETH/USDT   | قیمت: 323,299,989.00 تومان | وضعیت: HOLD               | تعداد: -        | هدف: -          | استاپ: -         | سود/زیان: - | زمان: 1405-04-20 22:28:01
📊 SOL/USDT   | قیمت: 13,928,807.00 تومان | وضعیت: HOLD               | تعداد: -        | هدف: -          | استاپ: -         | سود/زیان: - | زمان: 1405-04-20 22:28:01
📊 AVAX/USDT  | قیمت: 1,197,798.00 تومان | وضعیت: HOLD               | تعداد: -        | هدف: -          | استاپ: -         | سود/زیان: - | زمان: 1405-04-20 22:28:01
📊 NEAR/USDT  | قیمت: 338,600.00 تومان | وضعیت: HOLD               | تعداد: -        | هدف: -          | استاپ: -         | سود/زیان: - | زمان: 1405-04-20 22:28:01
📊 SUI/USDT   | قیمت: 132,560.00 تومان | وضعیت: HOLD               | تعداد: -        | هدف: -          | استاپ: -         | سود/زیان: - | زمان: 1405-04-20 22:28:01
📊 TRX/USDT   | قیمت: 59,080.00  تومان | وضعیت: HOLD               | تعداد: -        | هدف: -          | استاپ: -         | سود/زیان: - | زمان: 1405-04-20 22:28:01
📊 XRP/USDT   | قیمت: 197,321.00 تومان | وضعیت: HOLD               | تعداد: -        | هدف: -          | استاپ: -         | سود/زیان: - | زمان: 1405-04-20 22:28:01
📊 ADA/USDT   | قیمت: 30,304.00  تومان | وضعیت: HOLD               | تعداد: -        | هدف: -          | استاپ: -         | سود/زیان: - | زمان: 1405-04-20 22:28:01
📊 DOGE/USDT  | قیمت: 13,290.00  تومان | وضعیت: HOLD               | تعداد: -        | هدف: -          | استاپ: -         | سود/زیان: - | زمان: 1405-04-20 22:28:01
📊 LINK/USDT  | قیمت: 1,423,250.00 تومان | وضعیت: HOLD               | تعداد: -        | هدف: -          | استاپ: -         | سود/زیان: - | زمان: 1405-04-20 22:28:01
📊 UNI/USDT   | قیمت: 659,311.00 تومان | وضعیت: HOLD               | تعداد: -        | هدف: -          | استاپ: -         | سود/زیان: - | زمان: 1405-04-20 22:28:01
📊 LTC/USDT   | قیمت: 7,987,088.00 تومان | وضعیت: HOLD               | تعداد: -        | هدف: -          | استاپ: -         | سود/زیان: - | زمان: 1405-04-20 22:28:01
📊 BCH/USDT   | قیمت: 43,829,227.00 تومان | وضعیت: HOLD               | تعداد: -        | هدف: -          | استاپ: -         | سود/زیان: - | زمان: 1405-04-20 22:28:01
📊 POL/USDT   | قیمت: 14,211.00  تومان | وضعیت: HOLD               | تعداد: -        | هدف: -          | استاپ: -         | سود/زیان: - | زمان: 1405-04-20 22:28:01
📊 ALGO/USDT  | قیمت: 15,880.00  تومان | وضعیت: HOLD               | تعداد: -        | هدف: -          | استاپ: -         | سود/زیان: - | زمان: 1405-04-20 22:28:01
📊 XLM/USDT   | قیمت: 34,014.00  تومان | وضعیت: HOLD               | تعداد: -        | هدف: -          | استاپ: -         | سود/زیان: - | زمان: 1405-04-20 22:28:01
📊 HBAR/USDT  | قیمت: 12,390.00  تومان | وضعیت: HOLD               | تعداد: -        | هدف: -          | استاپ: -         | سود/زیان: - | زمان: 1405-04-20 22:28:01
📊 GRT/USDT   | قیمت: 3,166.00   تومان | وضعیت: HOLD               | تعداد: -        | هدف: -          | استاپ: -         | سود/زیان: - | زمان: 1405-04-20 22:28:01
📊 ANKR/USDT  | قیمت: 670.00     تومان | وضعیت: SELL               | تعداد: -        | هدف: -          | استاپ: -         | سود/زیان: - | زمان: 1405-04-20 22:28:01
📊 HMSTR/USDT | قیمت: 36.00      تومان | وضعیت: SELL               | تعداد: -        | هدف: -          | استاپ: -         | سود/زیان: - | زمان: 1405-04-20 22:28:01
📊 DOGS/USDT  | قیمت: 7.09       تومان | وضعیت: HOLD               | تعداد: -        | هدف: -          | استاپ: -         | سود/زیان: - | زمان: 1405-04-20 22:28:01
📊 TNSR/USDT  | قیمت: 5,801.00   تومان | وضعیت: HOLD               | تعداد: -        | هدف: -          | استاپ: -         | سود/زیان: - | زمان: 1405-04-20 22:28:01
📊 2Z/USDT    | قیمت: 12,506.00  تومان | وضعیت: HOLD               | تعداد: -        | هدف: -          | استاپ: -         | سود/زیان: - | زمان: 1405-04-20 22:28:01
📊 RENDER/USDT | قیمت: 276,938.00 تومان | وضعیت: HOLD               | تعداد: -        | هدف: -          | استاپ: -         | سود/زیان: - | زمان: 1405-04-20 22:28:01
📊 APE/USDT   | قیمت: 27,724.00  تومان | وضعیت: HOLD               | تعداد: -        | هدف: -          | استاپ: -         | سود/زیان: - | زمان: 1405-04-20 22:28:01
📊 DYDX/USDT  | قیمت: 22,948.00  تومان | وضعیت: HOLD               | تعداد: -        | هدف: -          | استاپ: -         | سود/زیان: - | زمان: 1405-04-20 22:28:01
📊 BASED/USDT | قیمت: 17,493.00  تومان | وضعیت: HOLD               | تعداد: -        | هدف: -          | استاپ: -         | سود/زیان: - | زمان: 1405-04-20 22:28:01
📊 ONE/USDT   | قیمت: 218.00     تومان | وضعیت: HOLD               | تعداد: -        | هدف: -          | استاپ: -         | سود/زیان: - | زمان: 1405-04-20 22:28:01
📊 BICO/USDT  | قیمت: 2,530.00   تومان | وضعیت: HOLD               | تعداد: -        | هدف: -          | استاپ: -         | سود/زیان: - | زمان: 1405-04-20 22:28:01

--- چرخه بعدی پایش در ۳۰۰ ثانیه آینده ---

📊 BTC/USDT   | قیمت: 11,380,000,000.00 تومان | وضعیت: HOLD               | تعداد: -        | هدف: -          | استاپ: -         | سود/زیان: - | زمان: 1405-04-20 22:33:31
📊 ETH/USDT   | قیمت: 323,000,200.00 تومان | وضعیت: HOLD               | تعداد: -        | هدف: -          | استاپ: -         | سود/زیان: - | زمان: 1405-04-20 22:33:31
📊 SOL/USDT   | قیمت: 13,899,898.00 تومان | وضعیت: HOLD               | تعداد: -        | هدف: -          | استاپ: -         | سود/زیان: - | زمان: 1405-04-20 22:33:31
📊 AVAX/USDT  | قیمت: 1,199,742.00 تومان | وضعیت: HOLD               | تعداد: -        | هدف: -          | استاپ: -         | سود/زیان: - | زمان: 1405-04-20 22:33:31
📊 NEAR/USDT  | قیمت: 338,600.00 تومان | وضعیت: HOLD               | تعداد: -        | هدف: -          | استاپ: -         | سود/زیان: - | زمان: 1405-04-20 22:33:31
📊 SUI/USDT   | قیمت: 132,560.00 تومان | وضعیت: HOLD               | تعداد: -        | هدف: -          | استاپ: -         | سود/زیان: - | زمان: 1405-04-20 22:33:31
📊 TRX/USDT   | قیمت: 59,160.00  تومان | وضعیت: HOLD               | تعداد: -        | هدف: -          | استاپ: -         | سود/زیان: - | زمان: 1405-04-20 22:33:31
📊 XRP/USDT   | قیمت: 197,400.00 تومان | وضعیت: HOLD               | تعداد: -        | هدف: -          | استاپ: -         | سود/زیان: - | زمان: 1405-04-20 22:33:31
📊 ADA/USDT   | قیمت: 30,322.00  تومان | وضعیت: HOLD               | تعداد: -        | هدف: -          | استاپ: -         | سود/زیان: - | زمان: 1405-04-20 22:33:31
📊 DOGE/USDT  | قیمت: 13,295.10  تومان | وضعیت: HOLD               | تعداد: -        | هدف: -          | استاپ: -         | سود/زیان: - | زمان: 1405-04-20 22:33:31
📊 LINK/USDT  | قیمت: 1,423,250.00 تومان | وضعیت: HOLD               | تعداد: -        | هدف: -          | استاپ: -         | سود/زیان: - | زمان: 1405-04-20 22:33:31
📊 UNI/USDT   | قیمت: 659,312.00 تومان | وضعیت: HOLD               | تعداد: -        | هدف: -          | استاپ: -         | سود/زیان: - | زمان: 1405-04-20 22:33:31
📊 LTC/USDT   | قیمت: 8,027,125.00 تومان | وضعیت: HOLD               | تعداد: -        | هدف: -          | استاپ: -         | سود/زیان: - | زمان: 1405-04-20 22:33:31
📊 BCH/USDT   | قیمت: 43,829,227.00 تومان | وضعیت: HOLD               | تعداد: -        | هدف: -          | استاپ: -         | سود/زیان: - | زمان: 1405-04-20 22:33:31
📊 POL/USDT   | قیمت: 14,209.00  تومان | وضعیت: HOLD               | تعداد: -        | هدف: -          | استاپ: -         | سود/زیان: - | زمان: 1405-04-20 22:33:31
📊 ALGO/USDT  | قیمت: 15,831.00  تومان | وضعیت: HOLD               | تعداد: -        | هدف: -          | استاپ: -         | سود/زیان: - | زمان: 1405-04-20 22:33:31
📊 XLM/USDT   | قیمت: 34,014.00  تومان | وضعیت: HOLD               | تعداد: -        | هدف: -          | استاپ: -         | سود/زیان: - | زمان: 1405-04-20 22:33:31
📊 HBAR/USDT  | قیمت: 12,390.00  تومان | وضعیت: HOLD               | تعداد: -        | هدف: -          | استاپ: -         | سود/زیان: - | زمان: 1405-04-20 22:33:31
📊 GRT/USDT   | قیمت: 3,166.00   تومان | وضعیت: HOLD               | تعداد: -        | هدف: -          | استاپ: -         | سود/زیان: - | زمان: 1405-04-20 22:33:31
📊 ANKR/USDT  | قیمت: 670.00     تومان | وضعیت: SELL               | تعداد: -        | هدف: -          | استاپ: -         | سود/زیان: - | زمان: 1405-04-20 22:33:31
📊 HMSTR/USDT | قیمت: 36.40      تومان | وضعیت: SELL               | تعداد: -        | هدف: -          | استاپ: -         | سود/زیان: - | زمان: 1405-04-20 22:33:31
📊 DOGS/USDT  | قیمت: 7.10       تومان | وضعیت: HOLD               | تعداد: -        | هدف: -          | استاپ: -         | سود/زیان: - | زمان: 1405-04-20 22:33:31
📊 TNSR/USDT  | قیمت: 5,801.00   تومان | وضعیت: HOLD               | تعداد: -        | هدف: -          | استاپ: -         | سود/زیان: - | زمان: 1405-04-20 22:33:31
📊 2Z/USDT    | قیمت: 12,506.00  تومان | وضعیت: HOLD               | تعداد: -        | هدف: -          | استاپ: -         | سود/زیان: - | زمان: 1405-04-20 22:33:31
📊 RENDER/USDT | قیمت: 276,938.00 تومان | وضعیت: HOLD               | تعداد: -        | هدف: -          | استاپ: -         | سود/زیان: - | زمان: 1405-04-20 22:33:31
📊 APE/USDT   | قیمت: 27,724.00  تومان | وضعیت: HOLD               | تعداد: -        | هدف: -          | استاپ: -         | سود/زیان: - | زمان: 1405-04-20 22:33:31
📊 DYDX/USDT  | قیمت: 22,948.00  تومان | وضعیت: HOLD               | تعداد: -        | هدف: -          | استاپ: -         | سود/زیان: - | زمان: 1405-04-20 22:33:31
📊 BASED/USDT | قیمت: 17,493.00  تومان | وضعیت: HOLD               | تعداد: -        | هدف: -          | استاپ: -         | سود/زیان: - | زمان: 1405-04-20 22:33:31
📊 ONE/USDT   | قیمت: 219.00     تومان | وضعیت: HOLD               | تعداد: -        | هدف: -          | استاپ: -         | سود/زیان: - | زمان: 1405-04-20 22:33:31
📊 BICO/USDT  | قیمت: 2,523.00   تومان | وضعیت: HOLD               | تعداد: -        | هدف: -          | استاپ: -         | سود/زیان: - | زمان: 1405-04-20 22:33:31

--- چرخه بعدی پایش در ۳۰۰ ثانیه آینده ---

📊 BTC/USDT   | قیمت: 11,370,000,001.00 تومان | وضعیت: HOLD               | تعداد: -        | هدف: -          | استاپ: -         | سود/زیان: - | زمان: 1405-04-20 22:39:09
📊 ETH/USDT   | قیمت: 323,522,641.00 تومان | وضعیت: HOLD               | تعداد: -        | هدف: -          | استاپ: -         | سود/زیان: - | زمان: 1405-04-20 22:39:09
📊 SOL/USDT   | قیمت: 13,899,909.00 تومان | وضعیت: HOLD               | تعداد: -        | هدف: -          | استاپ: -         | سود/زیان: - | زمان: 1405-04-20 22:39:09
📊 AVAX/USDT  | قیمت: 1,199,742.00 تومان | وضعیت: HOLD               | تعداد: -        | هدف: -          | استاپ: -         | سود/زیان: - | زمان: 1405-04-20 22:39:09
📊 NEAR/USDT  | قیمت: 345,890.00 تومان | وضعیت: HOLD               | تعداد: -        | هدف: -          | استاپ: -         | سود/زیان: - | زمان: 1405-04-20 22:39:09
📊 SUI/USDT   | قیمت: 132,560.00 تومان | وضعیت: HOLD               | تعداد: -        | هدف: -          | استاپ: -         | سود/زیان: - | زمان: 1405-04-20 22:39:09
📊 TRX/USDT   | قیمت: 59,240.00  تومان | وضعیت: HOLD               | تعداد: -        | هدف: -          | استاپ: -         | سود/زیان: - | زمان: 1405-04-20 22:39:09
📊 XRP/USDT   | قیمت: 197,400.00 تومان | وضعیت: HOLD               | تعداد: -        | هدف: -          | استاپ: -         | سود/زیان: - | زمان: 1405-04-20 22:39:09
📊 ADA/USDT   | قیمت: 30,380.00  تومان | وضعیت: HOLD               | تعداد: -        | هدف: -          | استاپ: -         | سود/زیان: - | زمان: 1405-04-20 22:39:09
📊 DOGE/USDT  | قیمت: 13,332.40  تومان | وضعیت: HOLD               | تعداد: -        | هدف: -          | استاپ: -         | سود/زیان: - | زمان: 1405-04-20 22:39:09
📊 LINK/USDT  | قیمت: 1,423,250.00 تومان | وضعیت: HOLD               | تعداد: -        | هدف: -          | استاپ: -         | سود/زیان: - | زمان: 1405-04-20 22:39:09
📊 UNI/USDT   | قیمت: 659,319.00 تومان | وضعیت: HOLD               | تعداد: -        | هدف: -          | استاپ: -         | سود/زیان: - | زمان: 1405-04-20 22:39:09
📊 LTC/USDT   | قیمت: 8,024,326.00 تومان | وضعیت: HOLD               | تعداد: -        | هدف: -          | استاپ: -         | سود/زیان: - | زمان: 1405-04-20 22:39:09
📊 BCH/USDT   | قیمت: 43,829,227.00 تومان | وضعیت: HOLD               | تعداد: -        | هدف: -          | استاپ: -         | سود/زیان: - | زمان: 1405-04-20 22:39:09
📊 POL/USDT   | قیمت: 14,293.00  تومان | وضعیت: HOLD               | تعداد: -        | هدف: -          | استاپ: -         | سود/زیان: - | زمان: 1405-04-20 22:39:09
📊 ALGO/USDT  | قیمت: 15,515.00  تومان | وضعیت: HOLD               | تعداد: -        | هدف: -          | استاپ: -         | سود/زیان: - | زمان: 1405-04-20 22:39:09
📊 XLM/USDT   | قیمت: 34,046.00  تومان | وضعیت: HOLD               | تعداد: -        | هدف: -          | استاپ: -         | سود/زیان: - | زمان: 1405-04-20 22:39:09
📊 HBAR/USDT  | قیمت: 12,390.00  تومان | وضعیت: HOLD               | تعداد: -        | هدف: -          | استاپ: -         | سود/زیان: - | زمان: 1405-04-20 22:39:09
📊 GRT/USDT   | قیمت: 3,180.00   تومان | وضعیت: HOLD               | تعداد: -        | هدف: -          | استاپ: -         | سود/زیان: - | زمان: 1405-04-20 22:39:09
📊 ANKR/USDT  | قیمت: 671.00     تومان | وضعیت: SELL               | تعداد: -        | هدف: -          | استاپ: -         | سود/زیان: - | زمان: 1405-04-20 22:39:09
📊 HMSTR/USDT | قیمت: 36.10      تومان | وضعیت: SELL               | تعداد: -        | هدف: -          | استاپ: -         | سود/زیان: - | زمان: 1405-04-20 22:39:09
📊 DOGS/USDT  | قیمت: 7.10       تومان | وضعیت: HOLD               | تعداد: -        | هدف: -          | استاپ: -         | سود/زیان: - | زمان: 1405-04-20 22:39:09
📊 TNSR/USDT  | قیمت: 5,811.00   تومان | وضعیت: HOLD               | تعداد: -        | هدف: -          | استاپ: -         | سود/زیان: - | زمان: 1405-04-20 22:39:09
📊 2Z/USDT    | قیمت: 12,506.00  تومان | وضعیت: HOLD               | تعداد: -        | هدف: -          | استاپ: -         | سود/زیان: - | زمان: 1405-04-20 22:39:09
📊 RENDER/USDT | قیمت: 276,938.00 تومان | وضعیت: HOLD               | تعداد: -        | هدف: -          | استاپ: -         | سود/زیان: - | زمان: 1405-04-20 22:39:09
📊 APE/USDT   | قیمت: 27,724.00  تومان | وضعیت: HOLD               | تعداد: -        | هدف: -          | استاپ: -         | سود/زیان: - | زمان: 1405-04-20 22:39:09
📊 DYDX/USDT  | قیمت: 22,839.00  تومان | وضعیت: HOLD               | تعداد: -        | هدف: -          | استاپ: -         | سود/زیان: - | زمان: 1405-04-20 22:39:09
📊 BASED/USDT | قیمت: 17,493.00  تومان | وضعیت: HOLD               | تعداد: -        | هدف: -          | استاپ: -         | سود/زیان: - | زمان: 1405-04-20 22:39:09
📊 ONE/USDT   | قیمت: 219.00     تومان | وضعیت: HOLD               | تعداد: -        | هدف: -          | استاپ: -         | سود/زیان: - | زمان: 1405-04-20 22:39:09
📊 BICO/USDT  | قیمت: 2,540.00   تومان | وضعیت: HOLD               | تعداد: -        | هدف: -          | استاپ: -         | سود/زیان: - | زمان: 1405-04-20 22:39:09

--- چرخه بعدی پایش در ۳۰۰ ثانیه آینده ---

📊 BTC/USDT   | قیمت: 11,370,000,000.00 تومان | وضعیت: HOLD               | تعداد: -        | هدف: -          | استاپ: -         | سود/زیان: - | زمان: 1405-04-20 22:44:41
📊 ETH/USDT   | قیمت: 323,000,200.00 تومان | وضعیت: HOLD               | تعداد: -        | هدف: -          | استاپ: -         | سود/زیان: - | زمان: 1405-04-20 22:44:41
📊 SOL/USDT   | قیمت: 13,825,472.00 تومان | وضعیت: HOLD               | تعداد: -        | هدف: -          | استاپ: -         | سود/زیان: - | زمان: 1405-04-20 22:44:41
📊 AVAX/USDT  | قیمت: 1,199,742.00 تومان | وضعیت: HOLD               | تعداد: -        | هدف: -          | استاپ: -         | سود/زیان: - | زمان: 1405-04-20 22:44:41
📊 NEAR/USDT  | قیمت: 347,588.00 تومان | وضعیت: HOLD               | تعداد: -        | هدف: -          | استاپ: -         | سود/زیان: - | زمان: 1405-04-20 22:44:41
📊 SUI/USDT   | قیمت: 132,561.00 تومان | وضعیت: HOLD               | تعداد: -        | هدف: -          | استاپ: -         | سود/زیان: - | زمان: 1405-04-20 22:44:41
📊 TRX/USDT   | قیمت: 59,285.00  تومان | وضعیت: HOLD               | تعداد: -        | هدف: -          | استاپ: -         | سود/زیان: - | زمان: 1405-04-20 22:44:41
📊 XRP/USDT   | قیمت: 197,641.00 تومان | وضعیت: HOLD               | تعداد: -        | هدف: -          | استاپ: -         | سود/زیان: - | زمان: 1405-04-20 22:44:41
📊 ADA/USDT   | قیمت: 30,400.00  تومان | وضعیت: HOLD               | تعداد: -        | هدف: -          | استاپ: -         | سود/زیان: - | زمان: 1405-04-20 22:44:41
📊 DOGE/USDT  | قیمت: 13,332.40  تومان | وضعیت: HOLD               | تعداد: -        | هدف: -          | استاپ: -         | سود/زیان: - | زمان: 1405-04-20 22:44:41
📊 LINK/USDT  | قیمت: 1,423,250.00 تومان | وضعیت: HOLD               | تعداد: -        | هدف: -          | استاپ: -         | سود/زیان: - | زمان: 1405-04-20 22:44:41
📊 UNI/USDT   | قیمت: 659,311.00 تومان | وضعیت: HOLD               | تعداد: -        | هدف: -          | استاپ: -         | سود/زیان: - | زمان: 1405-04-20 22:44:41
📊 LTC/USDT   | قیمت: 8,026,000.00 تومان | وضعیت: HOLD               | تعداد: -        | هدف: -          | استاپ: -         | سود/زیان: - | زمان: 1405-04-20 22:44:41
📊 BCH/USDT   | قیمت: 43,842,669.00 تومان | وضعیت: HOLD               | تعداد: -        | هدف: -          | استاپ: -         | سود/زیان: - | زمان: 1405-04-20 22:44:41
📊 POL/USDT   | قیمت: 14,217.00  تومان | وضعیت: HOLD               | تعداد: -        | هدف: -          | استاپ: -         | سود/زیان: - | زمان: 1405-04-20 22:44:41
📊 ALGO/USDT  | قیمت: 15,877.00  تومان | وضعیت: HOLD               | تعداد: -        | هدف: -          | استاپ: -         | سود/زیان: - | زمان: 1405-04-20 22:44:41
📊 XLM/USDT   | قیمت: 33,868.00  تومان | وضعیت: HOLD               | تعداد: -        | هدف: -          | استاپ: -         | سود/زیان: - | زمان: 1405-04-20 22:44:41
📊 HBAR/USDT  | قیمت: 12,415.00  تومان | وضعیت: HOLD               | تعداد: -        | هدف: -          | استاپ: -         | سود/زیان: - | زمان: 1405-04-20 22:44:41
📊 GRT/USDT   | قیمت: 3,180.00   تومان | وضعیت: HOLD               | تعداد: -        | هدف: -          | استاپ: -         | سود/زیان: - | زمان: 1405-04-20 22:44:41
📊 ANKR/USDT  | قیمت: 671.00     تومان | وضعیت: SELL               | تعداد: -        | هدف: -          | استاپ: -         | سود/زیان: - | زمان: 1405-04-20 22:44:41
📊 HMSTR/USDT | قیمت: 36.08      تومان | وضعیت: SELL               | تعداد: -        | هدف: -          | استاپ: -         | سود/زیان: - | زمان: 1405-04-20 22:44:41
📊 DOGS/USDT  | قیمت: 7.10       تومان | وضعیت: HOLD               | تعداد: -        | هدف: -          | استاپ: -         | سود/زیان: - | زمان: 1405-04-20 22:44:41
📊 TNSR/USDT  | قیمت: 5,813.00   تومان | وضعیت: HOLD               | تعداد: -        | هدف: -          | استاپ: -         | سود/زیان: - | زمان: 1405-04-20 22:44:41
📊 2Z/USDT    | قیمت: 12,506.00  تومان | وضعیت: HOLD               | تعداد: -        | هدف: -          | استاپ: -         | سود/زیان: - | زمان: 1405-04-20 22:44:41
📊 RENDER/USDT | قیمت: 276,938.00 تومان | وضعیت: HOLD               | تعداد: -        | هدف: -          | استاپ: -         | سود/زیان: - | زمان: 1405-04-20 22:44:41
📊 APE/USDT   | قیمت: 27,724.00  تومان | وضعیت: HOLD               | تعداد: -        | هدف: -          | استاپ: -         | سود/زیان: - | زمان: 1405-04-20 22:44:41
📊 DYDX/USDT  | قیمت: 22,839.00  تومان | وضعیت: HOLD               | تعداد: -        | هدف: -          | استاپ: -         | سود/زیان: - | زمان: 1405-04-20 22:44:41
📊 BASED/USDT | قیمت: 17,493.00  تومان | وضعیت: HOLD               | تعداد: -        | هدف: -          | استاپ: -         | سود/زیان: - | زمان: 1405-04-20 22:44:41
📊 ONE/USDT   | قیمت: 219.00     تومان | وضعیت: HOLD               | تعداد: -        | هدف: -          | استاپ: -         | سود/زیان: - | زمان: 1405-04-20 22:44:41
📊 BICO/USDT  | قیمت: 2,524.00   تومان | وضعیت: HOLD               | تعداد: -        | هدف: -          | استاپ: -         | سود/زیان: - | زمان: 1405-04-20 22:44:41

--- چرخه بعدی پایش در ۳۰۰ ثانیه آینده ---

📊 BTC/USDT   | قیمت: 11,352,759,294.00 تومان | وضعیت: HOLD               | تعداد: -        | هدف: -          | استاپ: -         | سود/زیان: - | زمان: 1405-04-20 22:50:13
📊 ETH/USDT   | قیمت: 322,500,000.00 تومان | وضعیت: HOLD               | تعداد: -        | هدف: -          | استاپ: -         | سود/زیان: - | زمان: 1405-04-20 22:50:13
📊 SOL/USDT   | قیمت: 13,899,523.00 تومان | وضعیت: HOLD               | تعداد: -        | هدف: -          | استاپ: -         | سود/زیان: - | زمان: 1405-04-20 22:50:13
📊 AVAX/USDT  | قیمت: 1,197,798.00 تومان | وضعیت: HOLD               | تعداد: -        | هدف: -          | استاپ: -         | سود/زیان: - | زمان: 1405-04-20 22:50:13
📊 NEAR/USDT  | قیمت: 339,000.00 تومان | وضعیت: HOLD               | تعداد: -        | هدف: -          | استاپ: -         | سود/زیان: - | زمان: 1405-04-20 22:50:13
📊 SUI/USDT   | قیمت: 132,334.00 تومان | وضعیت: HOLD               | تعداد: -        | هدف: -          | استاپ: -         | سود/زیان: - | زمان: 1405-04-20 22:50:13
📊 TRX/USDT   | قیمت: 59,149.00  تومان | وضعیت: HOLD               | تعداد: -        | هدف: -          | استاپ: -         | سود/زیان: - | زمان: 1405-04-20 22:50:13
📊 XRP/USDT   | قیمت: 197,754.00 تومان | وضعیت: HOLD               | تعداد: -        | هدف: -          | استاپ: -         | سود/زیان: - | زمان: 1405-04-20 22:50:13
📊 ADA/USDT   | قیمت: 30,340.00  تومان | وضعیت: HOLD               | تعداد: -        | هدف: -          | استاپ: -         | سود/زیان: - | زمان: 1405-04-20 22:50:13
📊 DOGE/USDT  | قیمت: 13,330.00  تومان | وضعیت: HOLD               | تعداد: -        | هدف: -          | استاپ: -         | سود/زیان: - | زمان: 1405-04-20 22:50:13
📊 LINK/USDT  | قیمت: 1,423,250.00 تومان | وضعیت: HOLD               | تعداد: -        | هدف: -          | استاپ: -         | سود/زیان: - | زمان: 1405-04-20 22:50:13
📊 UNI/USDT   | قیمت: 659,319.00 تومان | وضعیت: HOLD               | تعداد: -        | هدف: -          | استاپ: -         | سود/زیان: - | زمان: 1405-04-20 22:50:13
📊 LTC/USDT   | قیمت: 8,020,459.00 تومان | وضعیت: HOLD               | تعداد: -        | هدف: -          | استاپ: -         | سود/زیان: - | زمان: 1405-04-20 22:50:13
📊 BCH/USDT   | قیمت: 43,893,217.00 تومان | وضعیت: HOLD               | تعداد: -        | هدف: -          | استاپ: -         | سود/زیان: - | زمان: 1405-04-20 22:50:13
📊 POL/USDT   | قیمت: 14,219.00  تومان | وضعیت: HOLD               | تعداد: -        | هدف: -          | استاپ: -         | سود/زیان: - | زمان: 1405-04-20 22:50:13
📊 ALGO/USDT  | قیمت: 15,876.00  تومان | وضعیت: HOLD               | تعداد: -        | هدف: -          | استاپ: -         | سود/زیان: - | زمان: 1405-04-20 22:50:13
📊 XLM/USDT   | قیمت: 33,868.00  تومان | وضعیت: HOLD               | تعداد: -        | هدف: -          | استاپ: -         | سود/زیان: - | زمان: 1405-04-20 22:50:13
📊 HBAR/USDT  | قیمت: 12,415.00  تومان | وضعیت: HOLD               | تعداد: -        | هدف: -          | استاپ: -         | سود/زیان: - | زمان: 1405-04-20 22:50:13
📊 GRT/USDT   | قیمت: 3,180.00   تومان | وضعیت: HOLD               | تعداد: -        | هدف: -          | استاپ: -         | سود/زیان: - | زمان: 1405-04-20 22:50:13
📊 ANKR/USDT  | قیمت: 667.00     تومان | وضعیت: SELL               | تعداد: -        | هدف: -          | استاپ: -         | سود/زیان: - | زمان: 1405-04-20 22:50:13
📊 HMSTR/USDT | قیمت: 36.11      تومان | وضعیت: SELL               | تعداد: -        | هدف: -          | استاپ: -         | سود/زیان: - | زمان: 1405-04-20 22:50:13
📊 DOGS/USDT  | قیمت: 7.10       تومان | وضعیت: HOLD               | تعداد: -        | هدف: -          | استاپ: -         | سود/زیان: - | زمان: 1405-04-20 22:50:13
📊 TNSR/USDT  | قیمت: 5,813.00   تومان | وضعیت: HOLD               | تعداد: -        | هدف: -          | استاپ: -         | سود/زیان: - | زمان: 1405-04-20 22:50:13
📊 2Z/USDT    | قیمت: 12,506.00  تومان | وضعیت: HOLD               | تعداد: -        | هدف: -          | استاپ: -         | سود/زیان: - | زمان: 1405-04-20 22:50:13
📊 RENDER/USDT | قیمت: 276,938.00 تومان | وضعیت: HOLD               | تعداد: -        | هدف: -          | استاپ: -         | سود/زیان: - | زمان: 1405-04-20 22:50:13
📊 APE/USDT   | قیمت: 27,724.00  تومان | وضعیت: HOLD               | تعداد: -        | هدف: -          | استاپ: -         | سود/زیان: - | زمان: 1405-04-20 22:50:13
📊 DYDX/USDT  | قیمت: 23,028.00  تومان | وضعیت: HOLD               | تعداد: -        | هدف: -          | استاپ: -         | سود/زیان: - | زمان: 1405-04-20 22:50:13
📊 BASED/USDT | قیمت: 17,450.00  تومان | وضعیت: HOLD               | تعداد: -        | هدف: -          | استاپ: -         | سود/زیان: - | زمان: 1405-04-20 22:50:13
📊 ONE/USDT   | قیمت: 219.00     تومان | وضعیت: HOLD               | تعداد: -        | هدف: -          | استاپ: -         | سود/زیان: - | زمان: 1405-04-20 22:50:13
📊 BICO/USDT  | قیمت: 2,527.00   تومان | وضعیت: HOLD               | تعداد: -        | هدف: -          | استاپ: -         | سود/زیان: - | زمان: 1405-04-20 22:50:13

--- چرخه بعدی پایش در ۳۰۰ ثانیه آینده ---

📊 BTC/USDT   | قیمت: 11,352,844,380.00 تومان | وضعیت: HOLD               | تعداد: -        | هدف: -          | استاپ: -         | سود/زیان: - | زمان: 1405-04-20 22:55:43
📊 ETH/USDT   | قیمت: 322,019,651.00 تومان | وضعیت: HOLD               | تعداد: -        | هدف: -          | استاپ: -         | سود/زیان: - | زمان: 1405-04-20 22:55:43
📊 SOL/USDT   | قیمت: 13,843,003.00 تومان | وضعیت: HOLD               | تعداد: -        | هدف: -          | استاپ: -         | سود/زیان: - | زمان: 1405-04-20 22:55:43
📊 AVAX/USDT  | قیمت: 1,197,798.00 تومان | وضعیت: HOLD               | تعداد: -        | هدف: -          | استاپ: -         | سود/زیان: - | زمان: 1405-04-20 22:55:43
📊 NEAR/USDT  | قیمت: 339,000.00 تومان | وضعیت: HOLD               | تعداد: -        | هدف: -          | استاپ: -         | سود/زیان: - | زمان: 1405-04-20 22:55:43
📊 SUI/USDT   | قیمت: 132,586.00 تومان | وضعیت: HOLD               | تعداد: -        | هدف: -          | استاپ: -         | سود/زیان: - | زمان: 1405-04-20 22:55:43
📊 TRX/USDT   | قیمت: 59,233.00  تومان | وضعیت: HOLD               | تعداد: -        | هدف: -          | استاپ: -         | سود/زیان: - | زمان: 1405-04-20 22:55:43
📊 XRP/USDT   | قیمت: 197,754.00 تومان | وضعیت: HOLD               | تعداد: -        | هدف: -          | استاپ: -         | سود/زیان: - | زمان: 1405-04-20 22:55:43
📊 ADA/USDT   | قیمت: 30,309.00  تومان | وضعیت: HOLD               | تعداد: -        | هدف: -          | استاپ: -         | سود/زیان: - | زمان: 1405-04-20 22:55:43
📊 DOGE/USDT  | قیمت: 13,312.00  تومان | وضعیت: HOLD               | تعداد: -        | هدف: -          | استاپ: -         | سود/زیان: - | زمان: 1405-04-20 22:55:43
📊 LINK/USDT  | قیمت: 1,432,000.00 تومان | وضعیت: HOLD               | تعداد: -        | هدف: -          | استاپ: -         | سود/زیان: - | زمان: 1405-04-20 22:55:43
📊 UNI/USDT   | قیمت: 659,310.00 تومان | وضعیت: HOLD               | تعداد: -        | هدف: -          | استاپ: -         | سود/زیان: - | زمان: 1405-04-20 22:55:43
📊 LTC/USDT   | قیمت: 8,034,998.00 تومان | وضعیت: HOLD               | تعداد: -        | هدف: -          | استاپ: -         | سود/زیان: - | زمان: 1405-04-20 22:55:43
📊 BCH/USDT   | قیمت: 43,893,217.00 تومان | وضعیت: HOLD               | تعداد: -        | هدف: -          | استاپ: -         | سود/زیان: - | زمان: 1405-04-20 22:55:43
📊 POL/USDT   | قیمت: 14,385.00  تومان | وضعیت: HOLD               | تعداد: -        | هدف: -          | استاپ: -         | سود/زیان: - | زمان: 1405-04-20 22:55:43
📊 ALGO/USDT  | قیمت: 15,924.00  تومان | وضعیت: HOLD               | تعداد: -        | هدف: -          | استاپ: -         | سود/زیان: - | زمان: 1405-04-20 22:55:43
📊 XLM/USDT   | قیمت: 33,801.00  تومان | وضعیت: HOLD               | تعداد: -        | هدف: -          | استاپ: -         | سود/زیان: - | زمان: 1405-04-20 22:55:43
📊 HBAR/USDT  | قیمت: 12,415.00  تومان | وضعیت: HOLD               | تعداد: -        | هدف: -          | استاپ: -         | سود/زیان: - | زمان: 1405-04-20 22:55:43
📊 GRT/USDT   | قیمت: 3,180.00   تومان | وضعیت: HOLD               | تعداد: -        | هدف: -          | استاپ: -         | سود/زیان: - | زمان: 1405-04-20 22:55:43
📊 ANKR/USDT  | قیمت: 667.00     تومان | وضعیت: SELL               | تعداد: -        | هدف: -          | استاپ: -         | سود/زیان: - | زمان: 1405-04-20 22:55:43
📊 HMSTR/USDT | قیمت: 36.30      تومان | وضعیت: SELL               | تعداد: -        | هدف: -          | استاپ: -         | سود/زیان: - | زمان: 1405-04-20 22:55:43
📊 DOGS/USDT  | قیمت: 7.08       تومان | وضعیت: HOLD               | تعداد: -        | هدف: -          | استاپ: -         | سود/زیان: - | زمان: 1405-04-20 22:55:43
📊 TNSR/USDT  | قیمت: 5,833.00   تومان | وضعیت: HOLD               | تعداد: -        | هدف: -          | استاپ: -         | سود/زیان: - | زمان: 1405-04-20 22:55:43
📊 2Z/USDT    | قیمت: 12,506.00  تومان | وضعیت: HOLD               | تعداد: -        | هدف: -          | استاپ: -         | سود/زیان: - | زمان: 1405-04-20 22:55:43
📊 RENDER/USDT | قیمت: 276,938.00 تومان | وضعیت: HOLD               | تعداد: -        | هدف: -          | استاپ: -         | سود/زیان: - | زمان: 1405-04-20 22:55:43
📊 APE/USDT   | قیمت: 27,724.00  تومان | وضعیت: HOLD               | تعداد: -        | هدف: -          | استاپ: -         | سود/زیان: - | زمان: 1405-04-20 22:55:43
📊 DYDX/USDT  | قیمت: 23,020.00  تومان | وضعیت: HOLD               | تعداد: -        | هدف: -          | استاپ: -         | سود/زیان: - | زمان: 1405-04-20 22:55:43
📊 BASED/USDT | قیمت: 17,450.00  تومان | وضعیت: HOLD               | تعداد: -        | هدف: -          | استاپ: -         | سود/زیان: - | زمان: 1405-04-20 22:55:43
📊 ONE/USDT   | قیمت: 219.00     تومان | وضعیت: HOLD               | تعداد: -        | هدف: -          | استاپ: -         | سود/زیان: - | زمان: 1405-04-20 22:55:43
📊 BICO/USDT  | قیمت: 2,526.00   تومان | وضعیت: HOLD               | تعداد: -        | هدف: -          | استاپ: -         | سود/زیان: - | زمان: 1405-04-20 22:55:43

--- چرخه بعدی پایش در ۳۰۰ ثانیه آینده ---

📊 BTC/USDT   | قیمت: 11,360,006,003.00 تومان | وضعیت: HOLD               | تعداد: -        | هدف: -          | استاپ: -         | سود/زیان: - | زمان: 1405-04-20 23:02:02
📊 ETH/USDT   | قیمت: 322,000,000.00 تومان | وضعیت: HOLD               | تعداد: -        | هدف: -          | استاپ: -         | سود/زیان: - | زمان: 1405-04-20 23:02:02
📊 SOL/USDT   | قیمت: 13,822,300.00 تومان | وضعیت: HOLD               | تعداد: -        | هدف: -          | استاپ: -         | سود/زیان: - | زمان: 1405-04-20 23:02:02
📊 AVAX/USDT  | قیمت: 1,197,798.00 تومان | وضعیت: HOLD               | تعداد: -        | هدف: -          | استاپ: -         | سود/زیان: - | زمان: 1405-04-20 23:02:02
📊 NEAR/USDT  | قیمت: 339,000.00 تومان | وضعیت: HOLD               | تعداد: -        | هدف: -          | استاپ: -         | سود/زیان: - | زمان: 1405-04-20 23:02:02
📊 SUI/USDT   | قیمت: 132,855.00 تومان | وضعیت: HOLD               | تعداد: -        | هدف: -          | استاپ: -         | سود/زیان: - | زمان: 1405-04-20 23:02:02
📊 TRX/USDT   | قیمت: 59,340.00  تومان | وضعیت: HOLD               | تعداد: -        | هدف: -          | استاپ: -         | سود/زیان: - | زمان: 1405-04-20 23:02:02
📊 XRP/USDT   | قیمت: 197,747.00 تومان | وضعیت: HOLD               | تعداد: -        | هدف: -          | استاپ: -         | سود/زیان: - | زمان: 1405-04-20 23:02:02
📊 ADA/USDT   | قیمت: 30,403.00  تومان | وضعیت: HOLD               | تعداد: -        | هدف: -          | استاپ: -         | سود/زیان: - | زمان: 1405-04-20 23:02:02
📊 DOGE/USDT  | قیمت: 13,312.60  تومان | وضعیت: HOLD               | تعداد: -        | هدف: -          | استاپ: -         | سود/زیان: - | زمان: 1405-04-20 23:02:02
📊 LINK/USDT  | قیمت: 1,432,000.00 تومان | وضعیت: HOLD               | تعداد: -        | هدف: -          | استاپ: -         | سود/زیان: - | زمان: 1405-04-20 23:02:02
📊 UNI/USDT   | قیمت: 659,310.00 تومان | وضعیت: HOLD               | تعداد: -        | هدف: -          | استاپ: -         | سود/زیان: - | زمان: 1405-04-20 23:02:02
📊 LTC/USDT   | قیمت: 8,040,574.00 تومان | وضعیت: HOLD               | تعداد: -        | هدف: -          | استاپ: -         | سود/زیان: - | زمان: 1405-04-20 23:02:02
📊 BCH/USDT   | قیمت: 43,940,642.00 تومان | وضعیت: HOLD               | تعداد: -        | هدف: -          | استاپ: -         | سود/زیان: - | زمان: 1405-04-20 23:02:02
📊 POL/USDT   | قیمت: 14,158.00  تومان | وضعیت: HOLD               | تعداد: -        | هدف: -          | استاپ: -         | سود/زیان: - | زمان: 1405-04-20 23:02:02
📊 ALGO/USDT  | قیمت: 15,900.00  تومان | وضعیت: HOLD               | تعداد: -        | هدف: -          | استاپ: -         | سود/زیان: - | زمان: 1405-04-20 23:02:02
📊 XLM/USDT   | قیمت: 34,031.00  تومان | وضعیت: HOLD               | تعداد: -        | هدف: -          | استاپ: -         | سود/زیان: - | زمان: 1405-04-20 23:02:02
📊 HBAR/USDT  | قیمت: 12,392.00  تومان | وضعیت: HOLD               | تعداد: -        | هدف: -          | استاپ: -         | سود/زیان: - | زمان: 1405-04-20 23:02:02
📊 GRT/USDT   | قیمت: 3,180.00   تومان | وضعیت: HOLD               | تعداد: -        | هدف: -          | استاپ: -         | سود/زیان: - | زمان: 1405-04-20 23:02:02
📊 ANKR/USDT  | قیمت: 667.00     تومان | وضعیت: HOLD               | تعداد: -        | هدف: -          | استاپ: -         | سود/زیان: - | زمان: 1405-04-20 23:02:02
📊 HMSTR/USDT | قیمت: 36.30      تومان | وضعیت: HOLD               | تعداد: -        | هدف: -          | استاپ: -         | سود/زیان: - | زمان: 1405-04-20 23:02:02
📊 DOGS/USDT  | قیمت: 7.08       تومان | وضعیت: HOLD               | تعداد: -        | هدف: -          | استاپ: -         | سود/زیان: - | زمان: 1405-04-20 23:02:02
📊 TNSR/USDT  | قیمت: 5,854.00   تومان | وضعیت: HOLD               | تعداد: -        | هدف: -          | استاپ: -         | سود/زیان: - | زمان: 1405-04-20 23:02:02
📊 2Z/USDT    | قیمت: 12,506.00  تومان | وضعیت: HOLD               | تعداد: -        | هدف: -          | استاپ: -         | سود/زیان: - | زمان: 1405-04-20 23:02:02
📊 RENDER/USDT | قیمت: 276,938.00 تومان | وضعیت: HOLD               | تعداد: -        | هدف: -          | استاپ: -         | سود/زیان: - | زمان: 1405-04-20 23:02:02
📊 APE/USDT   | قیمت: 27,724.00  تومان | وضعیت: HOLD               | تعداد: -        | هدف: -          | استاپ: -         | سود/زیان: - | زمان: 1405-04-20 23:02:02
📊 DYDX/USDT  | قیمت: 23,020.00  تومان | وضعیت: HOLD               | تعداد: -        | هدف: -          | استاپ: -         | سود/زیان: - | زمان: 1405-04-20 23:02:02
📊 BASED/USDT | قیمت: 17,403.00  تومان | وضعیت: HOLD               | تعداد: -        | هدف: -          | استاپ: -         | سود/زیان: - | زمان: 1405-04-20 23:02:02
📊 ONE/USDT   | قیمت: 219.00     تومان | وضعیت: HOLD               | تعداد: -        | هدف: -          | استاپ: -         | سود/زیان: - | زمان: 1405-04-20 23:02:02
📊 BICO/USDT  | قیمت: 2,524.00   تومان | وضعیت: HOLD               | تعداد: -        | هدف: -          | استاپ: -         | سود/زیان: - | زمان: 1405-04-20 23:02:02

--- چرخه بعدی پایش در ۳۰۰ ثانیه آینده ---

📊 BTC/USDT   | قیمت: 11,353,002,002.00 تومان | وضعیت: HOLD               | تعداد: -        | هدف: -          | استاپ: -         | سود/زیان: - | زمان: 1405-04-20 23:05:39
📊 ETH/USDT   | قیمت: 321,900,000.00 تومان | وضعیت: HOLD               | تعداد: -        | هدف: -          | استاپ: -         | سود/زیان: - | زمان: 1405-04-20 23:05:39
📊 SOL/USDT   | قیمت: 13,842,999.00 تومان | وضعیت: HOLD               | تعداد: -        | هدف: -          | استاپ: -         | سود/زیان: - | زمان: 1405-04-20 23:05:39
📊 AVAX/USDT  | قیمت: 1,197,798.00 تومان | وضعیت: HOLD               | تعداد: -        | هدف: -          | استاپ: -         | سود/زیان: - | زمان: 1405-04-20 23:05:39
📊 NEAR/USDT  | قیمت: 339,103.00 تومان | وضعیت: HOLD               | تعداد: -        | هدف: -          | استاپ: -         | سود/زیان: - | زمان: 1405-04-20 23:05:39
📊 SUI/USDT   | قیمت: 132,300.00 تومان | وضعیت: HOLD               | تعداد: -        | هدف: -          | استاپ: -         | سود/زیان: - | زمان: 1405-04-20 23:05:39
📊 TRX/USDT   | قیمت: 59,342.00  تومان | وضعیت: HOLD               | تعداد: -        | هدف: -          | استاپ: -         | سود/زیان: - | زمان: 1405-04-20 23:05:39
📊 XRP/USDT   | قیمت: 197,400.00 تومان | وضعیت: HOLD               | تعداد: -        | هدف: -          | استاپ: -         | سود/زیان: - | زمان: 1405-04-20 23:05:39
📊 ADA/USDT   | قیمت: 30,332.00  تومان | وضعیت: HOLD               | تعداد: -        | هدف: -          | استاپ: -         | سود/زیان: - | زمان: 1405-04-20 23:05:39
📊 DOGE/USDT  | قیمت: 13,313.00  تومان | وضعیت: HOLD               | تعداد: -        | هدف: -          | استاپ: -         | سود/زیان: - | زمان: 1405-04-20 23:05:39
📊 LINK/USDT  | قیمت: 1,432,000.00 تومان | وضعیت: HOLD               | تعداد: -        | هدف: -          | استاپ: -         | سود/زیان: - | زمان: 1405-04-20 23:05:39
📊 UNI/USDT   | قیمت: 659,310.00 تومان | وضعیت: HOLD               | تعداد: -        | هدف: -          | استاپ: -         | سود/زیان: - | زمان: 1405-04-20 23:05:39
📊 LTC/USDT   | قیمت: 8,026,000.00 تومان | وضعیت: HOLD               | تعداد: -        | هدف: -          | استاپ: -         | سود/زیان: - | زمان: 1405-04-20 23:05:39
📊 BCH/USDT   | قیمت: 43,578,220.00 تومان | وضعیت: HOLD               | تعداد: -        | هدف: -          | استاپ: -         | سود/زیان: - | زمان: 1405-04-20 23:05:39
📊 POL/USDT   | قیمت: 14,250.00  تومان | وضعیت: HOLD               | تعداد: -        | هدف: -          | استاپ: -         | سود/زیان: - | زمان: 1405-04-20 23:05:39
📊 ALGO/USDT  | قیمت: 15,870.00  تومان | وضعیت: HOLD               | تعداد: -        | هدف: -          | استاپ: -         | سود/زیان: - | زمان: 1405-04-20 23:05:39
📊 XLM/USDT   | قیمت: 34,031.00  تومان | وضعیت: HOLD               | تعداد: -        | هدف: -          | استاپ: -         | سود/زیان: - | زمان: 1405-04-20 23:05:39
📊 HBAR/USDT  | قیمت: 12,392.00  تومان | وضعیت: HOLD               | تعداد: -        | هدف: -          | استاپ: -         | سود/زیان: - | زمان: 1405-04-20 23:05:39
📊 GRT/USDT   | قیمت: 3,158.00   تومان | وضعیت: HOLD               | تعداد: -        | هدف: -          | استاپ: -         | سود/زیان: - | زمان: 1405-04-20 23:05:39
📊 ANKR/USDT  | قیمت: 668.00     تومان | وضعیت: HOLD               | تعداد: -        | هدف: -          | استاپ: -         | سود/زیان: - | زمان: 1405-04-20 23:05:39
📊 HMSTR/USDT | قیمت: 36.49      تومان | وضعیت: HOLD               | تعداد: -        | هدف: -          | استاپ: -         | سود/زیان: - | زمان: 1405-04-20 23:05:39
📊 DOGS/USDT  | قیمت: 7.10       تومان | وضعیت: HOLD               | تعداد: -        | هدف: -          | استاپ: -         | سود/زیان: - | زمان: 1405-04-20 23:05:39
📊 TNSR/USDT  | قیمت: 5,854.00   تومان | وضعیت: HOLD               | تعداد: -        | هدف: -          | استاپ: -         | سود/زیان: - | زمان: 1405-04-20 23:05:39
📊 2Z/USDT    | قیمت: 12,506.00  تومان | وضعیت: HOLD               | تعداد: -        | هدف: -          | استاپ: -         | سود/زیان: - | زمان: 1405-04-20 23:05:39
📊 RENDER/USDT | قیمت: 276,938.00 تومان | وضعیت: HOLD               | تعداد: -        | هدف: -          | استاپ: -         | سود/زیان: - | زمان: 1405-04-20 23:05:39
📊 APE/USDT   | قیمت: 27,724.00  تومان | وضعیت: HOLD               | تعداد: -        | هدف: -          | استاپ: -         | سود/زیان: - | زمان: 1405-04-20 23:05:39
📊 DYDX/USDT  | قیمت: 23,000.00  تومان | وضعیت: HOLD               | تعداد: -        | هدف: -          | استاپ: -         | سود/زیان: - | زمان: 1405-04-20 23:05:39
📊 BASED/USDT | قیمت: 17,403.00  تومان | وضعیت: HOLD               | تعداد: -        | هدف: -          | استاپ: -         | سود/زیان: - | زمان: 1405-04-20 23:05:39
📊 ONE/USDT   | قیمت: 219.00     تومان | وضعیت: HOLD               | تعداد: -        | هدف: -          | استاپ: -         | سود/زیان: - | زمان: 1405-04-20 23:05:39
📊 BICO/USDT  | قیمت: 2,525.00   تومان | وضعیت: HOLD               | تعداد: -        | هدف: -          | استاپ: -         | سود/زیان: - | زمان: 1405-04-20 23:05:39

--- چرخه بعدی پایش در ۳۰۰ ثانیه آینده ---

📊 BTC/USDT   | قیمت: 11,375,000,001.00 تومان | وضعیت: HOLD               | تعداد: -        | هدف: -          | استاپ: -         | سود/زیان: - | زمان: 1405-04-20 23:11:14
📊 ETH/USDT   | قیمت: 321,970,000.00 تومان | وضعیت: HOLD               | تعداد: -        | هدف: -          | استاپ: -         | سود/زیان: - | زمان: 1405-04-20 23:11:14
📊 SOL/USDT   | قیمت: 13,822,402.00 تومان | وضعیت: HOLD               | تعداد: -        | هدف: -          | استاپ: -         | سود/زیان: - | زمان: 1405-04-20 23:11:14
📊 AVAX/USDT  | قیمت: 1,190,733.00 تومان | وضعیت: HOLD               | تعداد: -        | هدف: -          | استاپ: -         | سود/زیان: - | زمان: 1405-04-20 23:11:14
📊 NEAR/USDT  | قیمت: 339,520.00 تومان | وضعیت: HOLD               | تعداد: -        | هدف: -          | استاپ: -         | سود/زیان: - | زمان: 1405-04-20 23:11:14
📊 SUI/USDT   | قیمت: 132,684.00 تومان | وضعیت: HOLD               | تعداد: -        | هدف: -          | استاپ: -         | سود/زیان: - | زمان: 1405-04-20 23:11:14
📊 TRX/USDT   | قیمت: 59,293.00  تومان | وضعیت: HOLD               | تعداد: -        | هدف: -          | استاپ: -         | سود/زیان: - | زمان: 1405-04-20 23:11:14
📊 XRP/USDT   | قیمت: 197,745.00 تومان | وضعیت: HOLD               | تعداد: -        | هدف: -          | استاپ: -         | سود/زیان: - | زمان: 1405-04-20 23:11:14
📊 ADA/USDT   | قیمت: 30,498.00  تومان | وضعیت: HOLD               | تعداد: -        | هدف: -          | استاپ: -         | سود/زیان: - | زمان: 1405-04-20 23:11:14
📊 DOGE/USDT  | قیمت: 13,313.00  تومان | وضعیت: HOLD               | تعداد: -        | هدف: -          | استاپ: -         | سود/زیان: - | زمان: 1405-04-20 23:11:14
📊 LINK/USDT  | قیمت: 1,432,000.00 تومان | وضعیت: HOLD               | تعداد: -        | هدف: -          | استاپ: -         | سود/زیان: - | زمان: 1405-04-20 23:11:14
📊 UNI/USDT   | قیمت: 659,368.00 تومان | وضعیت: HOLD               | تعداد: -        | هدف: -          | استاپ: -         | سود/زیان: - | زمان: 1405-04-20 23:11:14
📊 LTC/USDT   | قیمت: 8,046,407.00 تومان | وضعیت: HOLD               | تعداد: -        | هدف: -          | استاپ: -         | سود/زیان: - | زمان: 1405-04-20 23:11:14
📊 BCH/USDT   | قیمت: 43,578,220.00 تومان | وضعیت: HOLD               | تعداد: -        | هدف: -          | استاپ: -         | سود/زیان: - | زمان: 1405-04-20 23:11:14
📊 POL/USDT   | قیمت: 14,245.00  تومان | وضعیت: HOLD               | تعداد: -        | هدف: -          | استاپ: -         | سود/زیان: - | زمان: 1405-04-20 23:11:14
📊 ALGO/USDT  | قیمت: 15,870.00  تومان | وضعیت: HOLD               | تعداد: -        | هدف: -          | استاپ: -         | سود/زیان: - | زمان: 1405-04-20 23:11:14
📊 XLM/USDT   | قیمت: 33,980.00  تومان | وضعیت: HOLD               | تعداد: -        | هدف: -          | استاپ: -         | سود/زیان: - | زمان: 1405-04-20 23:11:14
📊 HBAR/USDT  | قیمت: 12,398.00  تومان | وضعیت: HOLD               | تعداد: -        | هدف: -          | استاپ: -         | سود/زیان: - | زمان: 1405-04-20 23:11:14
📊 GRT/USDT   | قیمت: 3,192.00   تومان | وضعیت: HOLD               | تعداد: -        | هدف: -          | استاپ: -         | سود/زیان: - | زمان: 1405-04-20 23:11:14
📊 ANKR/USDT  | قیمت: 673.00     تومان | وضعیت: HOLD               | تعداد: -        | هدف: -          | استاپ: -         | سود/زیان: - | زمان: 1405-04-20 23:11:14
📊 HMSTR/USDT | قیمت: 36.47      تومان | وضعیت: HOLD               | تعداد: -        | هدف: -          | استاپ: -         | سود/زیان: - | زمان: 1405-04-20 23:11:14
📊 DOGS/USDT  | قیمت: 7.12       تومان | وضعیت: HOLD               | تعداد: -        | هدف: -          | استاپ: -         | سود/زیان: - | زمان: 1405-04-20 23:11:14
📊 TNSR/USDT  | قیمت: 5,854.00   تومان | وضعیت: HOLD               | تعداد: -        | هدف: -          | استاپ: -         | سود/زیان: - | زمان: 1405-04-20 23:11:14
📊 2Z/USDT    | قیمت: 12,717.00  تومان | وضعیت: HOLD               | تعداد: -        | هدف: -          | استاپ: -         | سود/زیان: - | زمان: 1405-04-20 23:11:14
📊 RENDER/USDT | قیمت: 276,938.00 تومان | وضعیت: HOLD               | تعداد: -        | هدف: -          | استاپ: -         | سود/زیان: - | زمان: 1405-04-20 23:11:14
📊 APE/USDT   | قیمت: 27,686.00  تومان | وضعیت: HOLD               | تعداد: -        | هدف: -          | استاپ: -         | سود/زیان: - | زمان: 1405-04-20 23:11:14
📊 DYDX/USDT  | قیمت: 23,197.00  تومان | وضعیت: HOLD               | تعداد: -        | هدف: -          | استاپ: -         | سود/زیان: - | زمان: 1405-04-20 23:11:14
📊 BASED/USDT | قیمت: 17,404.00  تومان | وضعیت: HOLD               | تعداد: -        | هدف: -          | استاپ: -         | سود/زیان: - | زمان: 1405-04-20 23:11:14
📊 ONE/USDT   | قیمت: 219.00     تومان | وضعیت: HOLD               | تعداد: -        | هدف: -          | استاپ: -         | سود/زیان: - | زمان: 1405-04-20 23:11:14
📊 BICO/USDT  | قیمت: 2,530.00   تومان | وضعیت: HOLD               | تعداد: -        | هدف: -          | استاپ: -         | سود/زیان: - | زمان: 1405-04-20 23:11:14

--- چرخه بعدی پایش در ۳۰۰ ثانیه آینده ---

📊 BTC/USDT   | قیمت: 11,375,000,000.00 تومان | وضعیت: HOLD               | تعداد: -        | هدف: -          | استاپ: -         | سود/زیان: - | زمان: 1405-04-20 23:16:46
📊 ETH/USDT   | قیمت: 321,970,248.00 تومان | وضعیت: HOLD               | تعداد: -        | هدف: -          | استاپ: -         | سود/زیان: - | زمان: 1405-04-20 23:16:46
📊 SOL/USDT   | قیمت: 13,822,608.00 تومان | وضعیت: HOLD               | تعداد: -        | هدف: -          | استاپ: -         | سود/زیان: - | زمان: 1405-04-20 23:16:46
📊 AVAX/USDT  | قیمت: 1,190,733.00 تومان | وضعیت: HOLD               | تعداد: -        | هدف: -          | استاپ: -         | سود/زیان: - | زمان: 1405-04-20 23:16:46
📊 NEAR/USDT  | قیمت: 339,520.00 تومان | وضعیت: HOLD               | تعداد: -        | هدف: -          | استاپ: -         | سود/زیان: - | زمان: 1405-04-20 23:16:46
📊 SUI/USDT   | قیمت: 132,684.00 تومان | وضعیت: HOLD               | تعداد: -        | هدف: -          | استاپ: -         | سود/زیان: - | زمان: 1405-04-20 23:16:46
📊 TRX/USDT   | قیمت: 59,274.00  تومان | وضعیت: HOLD               | تعداد: -        | هدف: -          | استاپ: -         | سود/زیان: - | زمان: 1405-04-20 23:16:46
📊 XRP/USDT   | قیمت: 197,301.00 تومان | وضعیت: HOLD               | تعداد: -        | هدف: -          | استاپ: -         | سود/زیان: - | زمان: 1405-04-20 23:16:46
📊 ADA/USDT   | قیمت: 30,365.00  تومان | وضعیت: HOLD               | تعداد: -        | هدف: -          | استاپ: -         | سود/زیان: - | زمان: 1405-04-20 23:16:46
📊 DOGE/USDT  | قیمت: 13,313.00  تومان | وضعیت: HOLD               | تعداد: -        | هدف: -          | استاپ: -         | سود/زیان: - | زمان: 1405-04-20 23:16:46
📊 LINK/USDT  | قیمت: 1,424,693.00 تومان | وضعیت: HOLD               | تعداد: -        | هدف: -          | استاپ: -         | سود/زیان: - | زمان: 1405-04-20 23:16:46
📊 UNI/USDT   | قیمت: 661,500.00 تومان | وضعیت: HOLD               | تعداد: -        | هدف: -          | استاپ: -         | سود/زیان: - | زمان: 1405-04-20 23:16:46
📊 LTC/USDT   | قیمت: 8,046,408.00 تومان | وضعیت: HOLD               | تعداد: -        | هدف: -          | استاپ: -         | سود/زیان: - | زمان: 1405-04-20 23:16:46
📊 BCH/USDT   | قیمت: 43,578,220.00 تومان | وضعیت: HOLD               | تعداد: -        | هدف: -          | استاپ: -         | سود/زیان: - | زمان: 1405-04-20 23:16:46
📊 POL/USDT   | قیمت: 14,387.00  تومان | وضعیت: HOLD               | تعداد: -        | هدف: -          | استاپ: -         | سود/زیان: - | زمان: 1405-04-20 23:16:46
📊 ALGO/USDT  | قیمت: 15,500.00  تومان | وضعیت: HOLD               | تعداد: -        | هدف: -          | استاپ: -         | سود/زیان: - | زمان: 1405-04-20 23:16:46
📊 XLM/USDT   | قیمت: 33,980.00  تومان | وضعیت: HOLD               | تعداد: -        | هدف: -          | استاپ: -         | سود/زیان: - | زمان: 1405-04-20 23:16:46
📊 HBAR/USDT  | قیمت: 12,398.00  تومان | وضعیت: HOLD               | تعداد: -        | هدف: -          | استاپ: -         | سود/زیان: - | زمان: 1405-04-20 23:16:46
📊 GRT/USDT   | قیمت: 3,158.00   تومان | وضعیت: HOLD               | تعداد: -        | هدف: -          | استاپ: -         | سود/زیان: - | زمان: 1405-04-20 23:16:46
📊 ANKR/USDT  | قیمت: 675.00     تومان | وضعیت: HOLD               | تعداد: -        | هدف: -          | استاپ: -         | سود/زیان: - | زمان: 1405-04-20 23:16:46
📊 HMSTR/USDT | قیمت: 36.79      تومان | وضعیت: HOLD               | تعداد: -        | هدف: -          | استاپ: -         | سود/زیان: - | زمان: 1405-04-20 23:16:46
📊 DOGS/USDT  | قیمت: 7.12       تومان | وضعیت: HOLD               | تعداد: -        | هدف: -          | استاپ: -         | سود/زیان: - | زمان: 1405-04-20 23:16:46
📊 TNSR/USDT  | قیمت: 5,803.00   تومان | وضعیت: HOLD               | تعداد: -        | هدف: -          | استاپ: -         | سود/زیان: - | زمان: 1405-04-20 23:16:46
📊 2Z/USDT    | قیمت: 12,717.00  تومان | وضعیت: HOLD               | تعداد: -        | هدف: -          | استاپ: -         | سود/زیان: - | زمان: 1405-04-20 23:16:46
📊 RENDER/USDT | قیمت: 276,938.00 تومان | وضعیت: HOLD               | تعداد: -        | هدف: -          | استاپ: -         | سود/زیان: - | زمان: 1405-04-20 23:16:46
📊 APE/USDT   | قیمت: 27,686.00  تومان | وضعیت: HOLD               | تعداد: -        | هدف: -          | استاپ: -         | سود/زیان: - | زمان: 1405-04-20 23:16:46
📊 DYDX/USDT  | قیمت: 23,194.00  تومان | وضعیت: HOLD               | تعداد: -        | هدف: -          | استاپ: -         | سود/زیان: - | زمان: 1405-04-20 23:16:46
📊 BASED/USDT | قیمت: 17,404.00  تومان | وضعیت: HOLD               | تعداد: -        | هدف: -          | استاپ: -         | سود/زیان: - | زمان: 1405-04-20 23:16:46
📊 ONE/USDT   | قیمت: 217.00     تومان | وضعیت: HOLD               | تعداد: -        | هدف: -          | استاپ: -         | سود/زیان: - | زمان: 1405-04-20 23:16:46
📊 BICO/USDT  | قیمت: 2,525.00   تومان | وضعیت: HOLD               | تعداد: -        | هدف: -          | استاپ: -         | سود/زیان: - | زمان: 1405-04-20 23:16:46

--- چرخه بعدی پایش در ۳۰۰ ثانیه آینده ---

📊 BTC/USDT   | قیمت: 11,356,275,998.00 تومان | وضعیت: HOLD               | تعداد: -        | هدف: -          | استاپ: -         | سود/زیان: - | زمان: 1405-04-20 23:22:20
📊 ETH/USDT   | قیمت: 322,000,000.00 تومان | وضعیت: HOLD               | تعداد: -        | هدف: -          | استاپ: -         | سود/زیان: - | زمان: 1405-04-20 23:22:20
📊 SOL/USDT   | قیمت: 13,889,962.00 تومان | وضعیت: HOLD               | تعداد: -        | هدف: -          | استاپ: -         | سود/زیان: - | زمان: 1405-04-20 23:22:20
📊 AVAX/USDT  | قیمت: 1,197,798.00 تومان | وضعیت: HOLD               | تعداد: -        | هدف: -          | استاپ: -         | سود/زیان: - | زمان: 1405-04-20 23:22:20
📊 NEAR/USDT  | قیمت: 339,521.00 تومان | وضعیت: HOLD               | تعداد: -        | هدف: -          | استاپ: -         | سود/زیان: - | زمان: 1405-04-20 23:22:20
📊 SUI/USDT   | قیمت: 132,684.00 تومان | وضعیت: HOLD               | تعداد: -        | هدف: -          | استاپ: -         | سود/زیان: - | زمان: 1405-04-20 23:22:20
📊 TRX/USDT   | قیمت: 59,229.00  تومان | وضعیت: HOLD               | تعداد: -        | هدف: -          | استاپ: -         | سود/زیان: - | زمان: 1405-04-20 23:22:20
📊 XRP/USDT   | قیمت: 197,400.00 تومان | وضعیت: HOLD               | تعداد: -        | هدف: -          | استاپ: -         | سود/زیان: - | زمان: 1405-04-20 23:22:20
📊 ADA/USDT   | قیمت: 30,307.00  تومان | وضعیت: HOLD               | تعداد: -        | هدف: -          | استاپ: -         | سود/زیان: - | زمان: 1405-04-20 23:22:20
📊 DOGE/USDT  | قیمت: 13,311.20  تومان | وضعیت: HOLD               | تعداد: -        | هدف: -          | استاپ: -         | سود/زیان: - | زمان: 1405-04-20 23:22:20
📊 LINK/USDT  | قیمت: 1,424,693.00 تومان | وضعیت: HOLD               | تعداد: -        | هدف: -          | استاپ: -         | سود/زیان: - | زمان: 1405-04-20 23:22:20
📊 UNI/USDT   | قیمت: 660,404.00 تومان | وضعیت: HOLD               | تعداد: -        | هدف: -          | استاپ: -         | سود/زیان: - | زمان: 1405-04-20 23:22:20
📊 LTC/USDT   | قیمت: 8,046,408.00 تومان | وضعیت: HOLD               | تعداد: -        | هدف: -          | استاپ: -         | سود/زیان: - | زمان: 1405-04-20 23:22:20
📊 BCH/USDT   | قیمت: 43,578,220.00 تومان | وضعیت: HOLD               | تعداد: -        | هدف: -          | استاپ: -         | سود/زیان: - | زمان: 1405-04-20 23:22:20

--- چرخه بعدی پایش در ۳۰۰ ثانیه آینده ---


--- چرخه بعدی پایش در ۳۰۰ ثانیه آینده ---


--- چرخه بعدی پایش در ۳۰۰ ثانیه آینده ---


--- چرخه بعدی پایش در ۳۰۰ ثانیه آینده ---


--- چرخه بعدی پایش در ۳۰۰ ثانیه آینده ---


--- چرخه بعدی پایش در ۳۰۰ ثانیه آینده ---


--- چرخه بعدی پایش در ۳۰۰ ثانیه آینده ---


--- چرخه بعدی پایش در ۳۰۰ ثانیه آینده ---

📊 BTC/USDT   | قیمت: 11,364,195,222.00 تومان | وضعیت: HOLD               | تعداد: -        | هدف: -          | استاپ: -         | سود/زیان: - | زمان: 1405-04-20 23:38:26
📊 ETH/USDT   | قیمت: 323,522,000.00 تومان | وضعیت: HOLD               | تعداد: -        | هدف: -          | استاپ: -         | سود/زیان: - | زمان: 1405-04-20 23:38:26
📊 SOL/USDT   | قیمت: 13,879,997.00 تومان | وضعیت: HOLD               | تعداد: -        | هدف: -          | استاپ: -         | سود/زیان: - | زمان: 1405-04-20 23:38:26
📊 AVAX/USDT  | قیمت: 1,192,934.00 تومان | وضعیت: HOLD               | تعداد: -        | هدف: -          | استاپ: -         | سود/زیان: - | زمان: 1405-04-20 23:38:26
📊 NEAR/USDT  | قیمت: 339,000.00 تومان | وضعیت: HOLD               | تعداد: -        | هدف: -          | استاپ: -         | سود/زیان: - | زمان: 1405-04-20 23:38:26
📊 SUI/USDT   | قیمت: 132,817.00 تومان | وضعیت: HOLD               | تعداد: -        | هدف: -          | استاپ: -         | سود/زیان: - | زمان: 1405-04-20 23:38:26
📊 TRX/USDT   | قیمت: 59,277.00  تومان | وضعیت: HOLD               | تعداد: -        | هدف: -          | استاپ: -         | سود/زیان: - | زمان: 1405-04-20 23:38:26
📊 XRP/USDT   | قیمت: 197,580.00 تومان | وضعیت: HOLD               | تعداد: -        | هدف: -          | استاپ: -         | سود/زیان: - | زمان: 1405-04-20 23:38:26
📊 ADA/USDT   | قیمت: 30,334.00  تومان | وضعیت: HOLD               | تعداد: -        | هدف: -          | استاپ: -         | سود/زیان: - | زمان: 1405-04-20 23:38:26
📊 DOGE/USDT  | قیمت: 13,310.80  تومان | وضعیت: HOLD               | تعداد: -        | هدف: -          | استاپ: -         | سود/زیان: - | زمان: 1405-04-20 23:38:26
📊 LINK/USDT  | قیمت: 1,427,860.00 تومان | وضعیت: HOLD               | تعداد: -        | هدف: -          | استاپ: -         | سود/زیان: - | زمان: 1405-04-20 23:38:26
📊 BTC/USDT   | قیمت: 11,364,195,222.00 تومان | وضعیت: HOLD               | تعداد: -        | هدف: -          | استاپ: -         | سود/زیان: - | زمان: 1405-04-20 23:38:49
📊 ETH/USDT   | قیمت: 323,522,000.00 تومان | وضعیت: HOLD               | تعداد: -        | هدف: -          | استاپ: -         | سود/زیان: - | زمان: 1405-04-20 23:38:49
📊 SOL/USDT   | قیمت: 13,836,071.00 تومان | وضعیت: HOLD               | تعداد: -        | هدف: -          | استاپ: -         | سود/زیان: - | زمان: 1405-04-20 23:38:49
📊 AVAX/USDT  | قیمت: 1,192,934.00 تومان | وضعیت: HOLD               | تعداد: -        | هدف: -          | استاپ: -         | سود/زیان: - | زمان: 1405-04-20 23:38:49
📊 NEAR/USDT  | قیمت: 339,000.00 تومان | وضعیت: HOLD               | تعداد: -        | هدف: -          | استاپ: -         | سود/زیان: - | زمان: 1405-04-20 23:38:49
📊 SUI/USDT   | قیمت: 132,817.00 تومان | وضعیت: HOLD               | تعداد: -        | هدف: -          | استاپ: -         | سود/زیان: - | زمان: 1405-04-20 23:38:49
📊 TRX/USDT   | قیمت: 59,277.00  تومان | وضعیت: HOLD               | تعداد: -        | هدف: -          | استاپ: -         | سود/زیان: - | زمان: 1405-04-20 23:38:49
📊 XRP/USDT   | قیمت: 197,580.00 تومان | وضعیت: HOLD               | تعداد: -        | هدف: -          | استاپ: -         | سود/زیان: - | زمان: 1405-04-20 23:38:49
📊 ADA/USDT   | قیمت: 30,334.00  تومان | وضعیت: HOLD               | تعداد: -        | هدف: -          | استاپ: -         | سود/زیان: - | زمان: 1405-04-20 23:38:49
📊 DOGE/USDT  | قیمت: 13,310.80  تومان | وضعیت: HOLD               | تعداد: -        | هدف: -          | استاپ: -         | سود/زیان: - | زمان: 1405-04-20 23:38:49
📊 LINK/USDT  | قیمت: 1,427,860.00 تومان | وضعیت: HOLD               | تعداد: -        | هدف: -          | استاپ: -         | سود/زیان: - | زمان: 1405-04-20 23:38:49
📊 UNI/USDT   | قیمت: 667,184.00 تومان | وضعیت: HOLD               | تعداد: -        | هدف: -          | استاپ: -         | سود/زیان: - | زمان: 1405-04-20 23:38:49
📊 LTC/USDT   | قیمت: 8,016,838.00 تومان | وضعیت: HOLD               | تعداد: -        | هدف: -          | استاپ: -         | سود/زیان: - | زمان: 1405-04-20 23:38:49
📊 BCH/USDT   | قیمت: 43,624,114.00 تومان | وضعیت: HOLD               | تعداد: -        | هدف: -          | استاپ: -         | سود/زیان: - | زمان: 1405-04-20 23:38:49
📊 POL/USDT   | قیمت: 14,263.00  تومان | وضعیت: HOLD               | تعداد: -        | هدف: -          | استاپ: -         | سود/زیان: - | زمان: 1405-04-20 23:38:49
📊 ALGO/USDT  | قیمت: 15,800.00  تومان | وضعیت: HOLD               | تعداد: -        | هدف: -          | استاپ: -         | سود/زیان: - | زمان: 1405-04-20 23:38:49
📊 XLM/USDT   | قیمت: 33,915.00  تومان | وضعیت: HOLD               | تعداد: -        | هدف: -          | استاپ: -         | سود/زیان: - | زمان: 1405-04-20 23:38:49
📊 HBAR/USDT  | قیمت: 12,415.00  تومان | وضعیت: HOLD               | تعداد: -        | هدف: -          | استاپ: -         | سود/زیان: - | زمان: 1405-04-20 23:38:49
📊 GRT/USDT   | قیمت: 3,158.00   تومان | وضعیت: HOLD               | تعداد: -        | هدف: -          | استاپ: -         | سود/زیان: - | زمان: 1405-04-20 23:38:49
📊 ANKR/USDT  | قیمت: 672.00     تومان | وضعیت: HOLD               | تعداد: -        | هدف: -          | استاپ: -         | سود/زیان: - | زمان: 1405-04-20 23:38:49
📊 HMSTR/USDT | قیمت: 36.60      تومان | وضعیت: HOLD               | تعداد: -        | هدف: -          | استاپ: -         | سود/زیان: - | زمان: 1405-04-20 23:38:49
📊 DOGS/USDT  | قیمت: 7.11       تومان | وضعیت: HOLD               | تعداد: -        | هدف: -          | استاپ: -         | سود/زیان: - | زمان: 1405-04-20 23:38:49
📊 TNSR/USDT  | قیمت: 5,803.00   تومان | وضعیت: HOLD               | تعداد: -        | هدف: -          | استاپ: -         | سود/زیان: - | زمان: 1405-04-20 23:38:49
📊 2Z/USDT    | قیمت: 12,645.00  تومان | وضعیت: SELL               | تعداد: -        | هدف: -          | استاپ: -         | سود/زیان: - | زمان: 1405-04-20 23:38:49
📊 RENDER/USDT | قیمت: 276,938.00 تومان | وضعیت: HOLD               | تعداد: -        | هدف: -          | استاپ: -         | سود/زیان: - | زمان: 1405-04-20 23:38:49
📊 APE/USDT   | قیمت: 27,921.00  تومان | وضعیت: HOLD               | تعداد: -        | هدف: -          | استاپ: -         | سود/زیان: - | زمان: 1405-04-20 23:38:49
📊 DYDX/USDT  | قیمت: 23,196.00  تومان | وضعیت: HOLD               | تعداد: -        | هدف: -          | استاپ: -         | سود/زیان: - | زمان: 1405-04-20 23:38:49
📊 BASED/USDT | قیمت: 17,407.00  تومان | وضعیت: HOLD               | تعداد: -        | هدف: -          | استاپ: -         | سود/زیان: - | زمان: 1405-04-20 23:38:49
📊 ONE/USDT   | قیمت: 218.00     تومان | وضعیت: HOLD               | تعداد: -        | هدف: -          | استاپ: -         | سود/زیان: - | زمان: 1405-04-20 23:38:49
📊 BICO/USDT  | قیمت: 2,550.00   تومان | وضعیت: HOLD               | تعداد: -        | هدف: -          | استاپ: -         | سود/زیان: - | زمان: 1405-04-20 23:38:49

--- چرخه بعدی پایش در ۳۰۰ ثانیه آینده ---

📊 BTC/USDT   | قیمت: 11,374,567,884.00 تومان | وضعیت: HOLD               | تعداد: -        | هدف: -          | استاپ: -         | سود/زیان: - | زمان: 1405-04-20 23:44:31
📊 ETH/USDT   | قیمت: 323,522,642.00 تومان | وضعیت: HOLD               | تعداد: -        | هدف: -          | استاپ: -         | سود/زیان: - | زمان: 1405-04-20 23:44:31
📊 SOL/USDT   | قیمت: 13,899,980.00 تومان | وضعیت: HOLD               | تعداد: -        | هدف: -          | استاپ: -         | سود/زیان: - | زمان: 1405-04-20 23:44:31
📊 AVAX/USDT  | قیمت: 1,192,508.00 تومان | وضعیت: HOLD               | تعداد: -        | هدف: -          | استاپ: -         | سود/زیان: - | زمان: 1405-04-20 23:44:31
📊 NEAR/USDT  | قیمت: 339,000.00 تومان | وضعیت: HOLD               | تعداد: -        | هدف: -          | استاپ: -         | سود/زیان: - | زمان: 1405-04-20 23:44:31
📊 SUI/USDT   | قیمت: 132,770.00 تومان | وضعیت: HOLD               | تعداد: -        | هدف: -          | استاپ: -         | سود/زیان: - | زمان: 1405-04-20 23:44:31
📊 TRX/USDT   | قیمت: 59,276.00  تومان | وضعیت: HOLD               | تعداد: -        | هدف: -          | استاپ: -         | سود/زیان: - | زمان: 1405-04-20 23:44:31
📊 XRP/USDT   | قیمت: 197,501.00 تومان | وضعیت: HOLD               | تعداد: -        | هدف: -          | استاپ: -         | سود/زیان: - | زمان: 1405-04-20 23:44:31
📊 ADA/USDT   | قیمت: 30,450.00  تومان | وضعیت: HOLD               | تعداد: -        | هدف: -          | استاپ: -         | سود/زیان: - | زمان: 1405-04-20 23:44:31
📊 DOGE/USDT  | قیمت: 13,312.10  تومان | وضعیت: HOLD               | تعداد: -        | هدف: -          | استاپ: -         | سود/زیان: - | زمان: 1405-04-20 23:44:31
📊 LINK/USDT  | قیمت: 1,427,860.00 تومان | وضعیت: HOLD               | تعداد: -        | هدف: -          | استاپ: -         | سود/زیان: - | زمان: 1405-04-20 23:44:31
📊 UNI/USDT   | قیمت: 667,174.00 تومان | وضعیت: HOLD               | تعداد: -        | هدف: -          | استاپ: -         | سود/زیان: - | زمان: 1405-04-20 23:44:31
📊 LTC/USDT   | قیمت: 8,047,283.00 تومان | وضعیت: HOLD               | تعداد: -        | هدف: -          | استاپ: -         | سود/زیان: - | زمان: 1405-04-20 23:44:31
📊 BCH/USDT   | قیمت: 43,969,437.00 تومان | وضعیت: HOLD               | تعداد: -        | هدف: -          | استاپ: -         | سود/زیان: - | زمان: 1405-04-20 23:44:31
📊 POL/USDT   | قیمت: 14,368.00  تومان | وضعیت: HOLD               | تعداد: -        | هدف: -          | استاپ: -         | سود/زیان: - | زمان: 1405-04-20 23:44:31
📊 ALGO/USDT  | قیمت: 15,800.00  تومان | وضعیت: HOLD               | تعداد: -        | هدف: -          | استاپ: -         | سود/زیان: - | زمان: 1405-04-20 23:44:31
📊 XLM/USDT   | قیمت: 33,915.00  تومان | وضعیت: HOLD               | تعداد: -        | هدف: -          | استاپ: -         | سود/زیان: - | زمان: 1405-04-20 23:44:31
📊 HBAR/USDT  | قیمت: 12,415.00  تومان | وضعیت: HOLD               | تعداد: -        | هدف: -          | استاپ: -         | سود/زیان: - | زمان: 1405-04-20 23:44:31
📊 GRT/USDT   | قیمت: 3,158.00   تومان | وضعیت: HOLD               | تعداد: -        | هدف: -          | استاپ: -         | سود/زیان: - | زمان: 1405-04-20 23:44:31
📊 ANKR/USDT  | قیمت: 668.00     تومان | وضعیت: HOLD               | تعداد: -        | هدف: -          | استاپ: -         | سود/زیان: - | زمان: 1405-04-20 23:44:31
📊 HMSTR/USDT | قیمت: 36.90      تومان | وضعیت: HOLD               | تعداد: -        | هدف: -          | استاپ: -         | سود/زیان: - | زمان: 1405-04-20 23:44:31
📊 DOGS/USDT  | قیمت: 7.11       تومان | وضعیت: HOLD               | تعداد: -        | هدف: -          | استاپ: -         | سود/زیان: - | زمان: 1405-04-20 23:44:31
📊 TNSR/USDT  | قیمت: 5,803.00   تومان | وضعیت: HOLD               | تعداد: -        | هدف: -          | استاپ: -         | سود/زیان: - | زمان: 1405-04-20 23:44:31
📊 2Z/USDT    | قیمت: 12,645.00  تومان | وضعیت: SELL               | تعداد: -        | هدف: -          | استاپ: -         | سود/زیان: - | زمان: 1405-04-20 23:44:31
📊 RENDER/USDT | قیمت: 278,093.00 تومان | وضعیت: HOLD               | تعداد: -        | هدف: -          | استاپ: -         | سود/زیان: - | زمان: 1405-04-20 23:44:31
📊 APE/USDT   | قیمت: 27,921.00  تومان | وضعیت: HOLD               | تعداد: -        | هدف: -          | استاپ: -         | سود/زیان: - | زمان: 1405-04-20 23:44:31
📊 DYDX/USDT  | قیمت: 23,199.00  تومان | وضعیت: HOLD               | تعداد: -        | هدف: -          | استاپ: -         | سود/زیان: - | زمان: 1405-04-20 23:44:31
📊 BASED/USDT | قیمت: 17,407.00  تومان | وضعیت: HOLD               | تعداد: -        | هدف: -          | استاپ: -         | سود/زیان: - | زمان: 1405-04-20 23:44:31
📊 ONE/USDT   | قیمت: 218.00     تومان | وضعیت: HOLD               | تعداد: -        | هدف: -          | استاپ: -         | سود/زیان: - | زمان: 1405-04-20 23:44:31
📊 BICO/USDT  | قیمت: 2,541.00   تومان | وضعیت: HOLD               | تعداد: -        | هدف: -          | استاپ: -         | سود/زیان: - | زمان: 1405-04-20 23:44:31

--- چرخه بعدی پایش در ۳۰۰ ثانیه آینده ---

📊 BTC/USDT   | قیمت: 11,396,999,441.00 تومان | وضعیت: HOLD               | تعداد: -        | هدف: -          | استاپ: -         | سود/زیان: - | زمان: 1405-04-20 23:50:08
📊 ETH/USDT   | قیمت: 323,522,644.00 تومان | وضعیت: HOLD               | تعداد: -        | هدف: -          | استاپ: -         | سود/زیان: - | زمان: 1405-04-20 23:50:08
📊 SOL/USDT   | قیمت: 13,924,963.00 تومان | وضعیت: HOLD               | تعداد: -        | هدف: -          | استاپ: -         | سود/زیان: - | زمان: 1405-04-20 23:50:08
📊 AVAX/USDT  | قیمت: 1,197,798.00 تومان | وضعیت: HOLD               | تعداد: -        | هدف: -          | استاپ: -         | سود/زیان: - | زمان: 1405-04-20 23:50:08
📊 NEAR/USDT  | قیمت: 342,990.00 تومان | وضعیت: HOLD               | تعداد: -        | هدف: -          | استاپ: -         | سود/زیان: - | زمان: 1405-04-20 23:50:08
📊 SUI/USDT   | قیمت: 132,851.00 تومان | وضعیت: HOLD               | تعداد: -        | هدف: -          | استاپ: -         | سود/زیان: - | زمان: 1405-04-20 23:50:08
📊 TRX/USDT   | قیمت: 59,285.00  تومان | وضعیت: HOLD               | تعداد: -        | هدف: -          | استاپ: -         | سود/زیان: - | زمان: 1405-04-20 23:50:08
📊 XRP/USDT   | قیمت: 197,500.00 تومان | وضعیت: HOLD               | تعداد: -        | هدف: -          | استاپ: -         | سود/زیان: - | زمان: 1405-04-20 23:50:08
📊 ADA/USDT   | قیمت: 30,399.00  تومان | وضعیت: HOLD               | تعداد: -        | هدف: -          | استاپ: -         | سود/زیان: - | زمان: 1405-04-20 23:50:08
📊 DOGE/USDT  | قیمت: 13,332.00  تومان | وضعیت: HOLD               | تعداد: -        | هدف: -          | استاپ: -         | سود/زیان: - | زمان: 1405-04-20 23:50:08
📊 LINK/USDT  | قیمت: 1,430,972.00 تومان | وضعیت: HOLD               | تعداد: -        | هدف: -          | استاپ: -         | سود/زیان: - | زمان: 1405-04-20 23:50:08
📊 UNI/USDT   | قیمت: 667,174.00 تومان | وضعیت: HOLD               | تعداد: -        | هدف: -          | استاپ: -         | سود/زیان: - | زمان: 1405-04-20 23:50:08
📊 LTC/USDT   | قیمت: 8,047,283.00 تومان | وضعیت: HOLD               | تعداد: -        | هدف: -          | استاپ: -         | سود/زیان: - | زمان: 1405-04-20 23:50:08
📊 BCH/USDT   | قیمت: 43,969,437.00 تومان | وضعیت: HOLD               | تعداد: -        | هدف: -          | استاپ: -         | سود/زیان: - | زمان: 1405-04-20 23:50:08
📊 POL/USDT   | قیمت: 14,287.00  تومان | وضعیت: HOLD               | تعداد: -        | هدف: -          | استاپ: -         | سود/زیان: - | زمان: 1405-04-20 23:50:08
📊 ALGO/USDT  | قیمت: 15,800.00  تومان | وضعیت: HOLD               | تعداد: -        | هدف: -          | استاپ: -         | سود/زیان: - | زمان: 1405-04-20 23:50:08
📊 XLM/USDT   | قیمت: 34,149.00  تومان | وضعیت: HOLD               | تعداد: -        | هدف: -          | استاپ: -         | سود/زیان: - | زمان: 1405-04-20 23:50:08
📊 HBAR/USDT  | قیمت: 12,415.00  تومان | وضعیت: HOLD               | تعداد: -        | هدف: -          | استاپ: -         | سود/زیان: - | زمان: 1405-04-20 23:50:08
📊 GRT/USDT   | قیمت: 3,173.00   تومان | وضعیت: HOLD               | تعداد: -        | هدف: -          | استاپ: -         | سود/زیان: - | زمان: 1405-04-20 23:50:08
📊 ANKR/USDT  | قیمت: 668.00     تومان | وضعیت: HOLD               | تعداد: -        | هدف: -          | استاپ: -         | سود/زیان: - | زمان: 1405-04-20 23:50:08
📊 HMSTR/USDT | قیمت: 37.15      تومان | وضعیت: HOLD               | تعداد: -        | هدف: -          | استاپ: -         | سود/زیان: - | زمان: 1405-04-20 23:50:08
📊 DOGS/USDT  | قیمت: 7.13       تومان | وضعیت: HOLD               | تعداد: -        | هدف: -          | استاپ: -         | سود/زیان: - | زمان: 1405-04-20 23:50:08
📊 TNSR/USDT  | قیمت: 5,811.00   تومان | وضعیت: HOLD               | تعداد: -        | هدف: -          | استاپ: -         | سود/زیان: - | زمان: 1405-04-20 23:50:08
📊 2Z/USDT    | قیمت: 12,645.00  تومان | وضعیت: SELL               | تعداد: -        | هدف: -          | استاپ: -         | سود/زیان: - | زمان: 1405-04-20 23:50:08
📊 RENDER/USDT | قیمت: 278,093.00 تومان | وضعیت: HOLD               | تعداد: -        | هدف: -          | استاپ: -         | سود/زیان: - | زمان: 1405-04-20 23:50:08
📊 APE/USDT   | قیمت: 27,924.00  تومان | وضعیت: HOLD               | تعداد: -        | هدف: -          | استاپ: -         | سود/زیان: - | زمان: 1405-04-20 23:50:08
📊 DYDX/USDT  | قیمت: 23,199.00  تومان | وضعیت: HOLD               | تعداد: -        | هدف: -          | استاپ: -         | سود/زیان: - | زمان: 1405-04-20 23:50:08
📊 BASED/USDT | قیمت: 17,404.00  تومان | وضعیت: HOLD               | تعداد: -        | هدف: -          | استاپ: -         | سود/زیان: - | زمان: 1405-04-20 23:50:08
📊 ONE/USDT   | قیمت: 219.00     تومان | وضعیت: HOLD               | تعداد: -        | هدف: -          | استاپ: -         | سود/زیان: - | زمان: 1405-04-20 23:50:08
📊 BICO/USDT  | قیمت: 2,543.00   تومان | وضعیت: HOLD               | تعداد: -        | هدف: -          | استاپ: -         | سود/زیان: - | زمان: 1405-04-20 23:50:08

--- چرخه بعدی پایش در ۳۰۰ ثانیه آینده ---

📊 BTC/USDT   | قیمت: 11,385,590,962.00 تومان | وضعیت: HOLD               | تعداد: -        | هدف: -          | استاپ: -         | سود/زیان: - | زمان: 1405-04-20 23:55:50
📊 ETH/USDT   | قیمت: 323,522,642.00 تومان | وضعیت: HOLD               | تعداد: -        | هدف: -          | استاپ: -         | سود/زیان: - | زمان: 1405-04-20 23:55:50
📊 SOL/USDT   | قیمت: 13,916,963.00 تومان | وضعیت: HOLD               | تعداد: -        | هدف: -          | استاپ: -         | سود/زیان: - | زمان: 1405-04-20 23:55:50
📊 AVAX/USDT  | قیمت: 1,197,798.00 تومان | وضعیت: HOLD               | تعداد: -        | هدف: -          | استاپ: -         | سود/زیان: - | زمان: 1405-04-20 23:55:50
📊 NEAR/USDT  | قیمت: 338,539.00 تومان | وضعیت: HOLD               | تعداد: -        | هدف: -          | استاپ: -         | سود/زیان: - | زمان: 1405-04-20 23:55:50
📊 SUI/USDT   | قیمت: 132,855.00 تومان | وضعیت: HOLD               | تعداد: -        | هدف: -          | استاپ: -         | سود/زیان: - | زمان: 1405-04-20 23:55:50
📊 TRX/USDT   | قیمت: 59,200.00  تومان | وضعیت: HOLD               | تعداد: -        | هدف: -          | استاپ: -         | سود/زیان: - | زمان: 1405-04-20 23:55:50
📊 XRP/USDT   | قیمت: 197,550.00 تومان | وضعیت: HOLD               | تعداد: -        | هدف: -          | استاپ: -         | سود/زیان: - | زمان: 1405-04-20 23:55:50
📊 ADA/USDT   | قیمت: 30,449.00  تومان | وضعیت: HOLD               | تعداد: -        | هدف: -          | استاپ: -         | سود/زیان: - | زمان: 1405-04-20 23:55:50
📊 DOGE/USDT  | قیمت: 13,301.40  تومان | وضعیت: HOLD               | تعداد: -        | هدف: -          | استاپ: -         | سود/زیان: - | زمان: 1405-04-20 23:55:50
📊 LINK/USDT  | قیمت: 1,431,973.00 تومان | وضعیت: HOLD               | تعداد: -        | هدف: -          | استاپ: -         | سود/زیان: - | زمان: 1405-04-20 23:55:50
📊 UNI/USDT   | قیمت: 666,172.00 تومان | وضعیت: HOLD               | تعداد: -        | هدف: -          | استاپ: -         | سود/زیان: - | زمان: 1405-04-20 23:55:50
📊 LTC/USDT   | قیمت: 8,040,054.00 تومان | وضعیت: HOLD               | تعداد: -        | هدف: -          | استاپ: -         | سود/زیان: - | زمان: 1405-04-20 23:55:50
📊 BCH/USDT   | قیمت: 43,668,574.00 تومان | وضعیت: HOLD               | تعداد: -        | هدف: -          | استاپ: -         | سود/زیان: - | زمان: 1405-04-20 23:55:50
📊 POL/USDT   | قیمت: 14,283.00  تومان | وضعیت: HOLD               | تعداد: -        | هدف: -          | استاپ: -         | سود/زیان: - | زمان: 1405-04-20 23:55:50
📊 ALGO/USDT  | قیمت: 15,870.00  تومان | وضعیت: HOLD               | تعداد: -        | هدف: -          | استاپ: -         | سود/زیان: - | زمان: 1405-04-20 23:55:50
📊 XLM/USDT   | قیمت: 34,010.00  تومان | وضعیت: HOLD               | تعداد: -        | هدف: -          | استاپ: -         | سود/زیان: - | زمان: 1405-04-20 23:55:50
📊 HBAR/USDT  | قیمت: 12,415.00  تومان | وضعیت: HOLD               | تعداد: -        | هدف: -          | استاپ: -         | سود/زیان: - | زمان: 1405-04-20 23:55:50
📊 GRT/USDT   | قیمت: 3,173.00   تومان | وضعیت: HOLD               | تعداد: -        | هدف: -          | استاپ: -         | سود/زیان: - | زمان: 1405-04-20 23:55:50
📊 ANKR/USDT  | قیمت: 669.00     تومان | وضعیت: HOLD               | تعداد: -        | هدف: -          | استاپ: -         | سود/زیان: - | زمان: 1405-04-20 23:55:50
📊 HMSTR/USDT | قیمت: 37.00      تومان | وضعیت: HOLD               | تعداد: -        | هدف: -          | استاپ: -         | سود/زیان: - | زمان: 1405-04-20 23:55:50
📊 DOGS/USDT  | قیمت: 7.13       تومان | وضعیت: HOLD               | تعداد: -        | هدف: -          | استاپ: -         | سود/زیان: - | زمان: 1405-04-20 23:55:50
📊 TNSR/USDT  | قیمت: 5,811.00   تومان | وضعیت: HOLD               | تعداد: -        | هدف: -          | استاپ: -         | سود/زیان: - | زمان: 1405-04-20 23:55:50
📊 2Z/USDT    | قیمت: 12,645.00  تومان | وضعیت: SELL               | تعداد: -        | هدف: -          | استاپ: -         | سود/زیان: - | زمان: 1405-04-20 23:55:50
📊 RENDER/USDT | قیمت: 278,093.00 تومان | وضعیت: HOLD               | تعداد: -        | هدف: -          | استاپ: -         | سود/زیان: - | زمان: 1405-04-20 23:55:50
📊 APE/USDT   | قیمت: 27,924.00  تومان | وضعیت: HOLD               | تعداد: -        | هدف: -          | استاپ: -         | سود/زیان: - | زمان: 1405-04-20 23:55:50
📊 DYDX/USDT  | قیمت: 23,199.00  تومان | وضعیت: HOLD               | تعداد: -        | هدف: -          | استاپ: -         | سود/زیان: - | زمان: 1405-04-20 23:55:50
📊 BASED/USDT | قیمت: 17,404.00  تومان | وضعیت: HOLD               | تعداد: -        | هدف: -          | استاپ: -         | سود/زیان: - | زمان: 1405-04-20 23:55:50
📊 ONE/USDT   | قیمت: 219.00     تومان | وضعیت: HOLD               | تعداد: -        | هدف: -          | استاپ: -         | سود/زیان: - | زمان: 1405-04-20 23:55:50
📊 BICO/USDT  | قیمت: 2,560.00   تومان | وضعیت: HOLD               | تعداد: -        | هدف: -          | استاپ: -         | سود/زیان: - | زمان: 1405-04-20 23:55:50

--- چرخه بعدی پایش در ۳۰۰ ثانیه آینده ---

📊 BTC/USDT   | قیمت: 11,385,590,963.00 تومان | وضعیت: HOLD               | تعداد: -        | هدف: -          | استاپ: -         | سود/زیان: - | زمان: 1405-04-20 23:57:30
📊 ETH/USDT   | قیمت: 323,522,642.00 تومان | وضعیت: HOLD               | تعداد: -        | هدف: -          | استاپ: -         | سود/زیان: - | زمان: 1405-04-20 23:57:30
📊 SOL/USDT   | قیمت: 13,916,963.00 تومان | وضعیت: HOLD               | تعداد: -        | هدف: -          | استاپ: -         | سود/زیان: - | زمان: 1405-04-20 23:57:30
📊 AVAX/USDT  | قیمت: 1,197,798.00 تومان | وضعیت: HOLD               | تعداد: -        | هدف: -          | استاپ: -         | سود/زیان: - | زمان: 1405-04-20 23:57:30
📊 NEAR/USDT  | قیمت: 338,539.00 تومان | وضعیت: HOLD               | تعداد: -        | هدف: -          | استاپ: -         | سود/زیان: - | زمان: 1405-04-20 23:57:30
📊 SUI/USDT   | قیمت: 132,855.00 تومان | وضعیت: HOLD               | تعداد: -        | هدف: -          | استاپ: -         | سود/زیان: - | زمان: 1405-04-20 23:57:30
📊 TRX/USDT   | قیمت: 59,287.00  تومان | وضعیت: HOLD               | تعداد: -        | هدف: -          | استاپ: -         | سود/زیان: - | زمان: 1405-04-20 23:57:30
📊 XRP/USDT   | قیمت: 197,700.00 تومان | وضعیت: HOLD               | تعداد: -        | هدف: -          | استاپ: -         | سود/زیان: - | زمان: 1405-04-20 23:57:30
📊 ADA/USDT   | قیمت: 30,442.00  تومان | وضعیت: HOLD               | تعداد: -        | هدف: -          | استاپ: -         | سود/زیان: - | زمان: 1405-04-20 23:57:30
📊 DOGE/USDT  | قیمت: 13,331.00  تومان | وضعیت: HOLD               | تعداد: -        | هدف: -          | استاپ: -         | سود/زیان: - | زمان: 1405-04-20 23:57:30
📊 LINK/USDT  | قیمت: 1,431,973.00 تومان | وضعیت: HOLD               | تعداد: -        | هدف: -          | استاپ: -         | سود/زیان: - | زمان: 1405-04-20 23:57:30
📊 UNI/USDT   | قیمت: 666,172.00 تومان | وضعیت: HOLD               | تعداد: -        | هدف: -          | استاپ: -         | سود/زیان: - | زمان: 1405-04-20 23:57:30
📊 LTC/USDT   | قیمت: 8,040,054.00 تومان | وضعیت: HOLD               | تعداد: -        | هدف: -          | استاپ: -         | سود/زیان: - | زمان: 1405-04-20 23:57:30
📊 BCH/USDT   | قیمت: 43,668,637.00 تومان | وضعیت: HOLD               | تعداد: -        | هدف: -          | استاپ: -         | سود/زیان: - | زمان: 1405-04-20 23:57:30
📊 POL/USDT   | قیمت: 14,399.00  تومان | وضعیت: HOLD               | تعداد: -        | هدف: -          | استاپ: -         | سود/زیان: - | زمان: 1405-04-20 23:57:30
📊 ALGO/USDT  | قیمت: 15,402.00  تومان | وضعیت: HOLD               | تعداد: -        | هدف: -          | استاپ: -         | سود/زیان: - | زمان: 1405-04-20 23:57:30
📊 XLM/USDT   | قیمت: 34,010.00  تومان | وضعیت: HOLD               | تعداد: -        | هدف: -          | استاپ: -         | سود/زیان: - | زمان: 1405-04-20 23:57:30
📊 HBAR/USDT  | قیمت: 12,416.00  تومان | وضعیت: HOLD               | تعداد: -        | هدف: -          | استاپ: -         | سود/زیان: - | زمان: 1405-04-20 23:57:30
📊 GRT/USDT   | قیمت: 3,173.00   تومان | وضعیت: HOLD               | تعداد: -        | هدف: -          | استاپ: -         | سود/زیان: - | زمان: 1405-04-20 23:57:30
📊 ANKR/USDT  | قیمت: 669.00     تومان | وضعیت: HOLD               | تعداد: -        | هدف: -          | استاپ: -         | سود/زیان: - | زمان: 1405-04-20 23:57:30
📊 HMSTR/USDT | قیمت: 36.72      تومان | وضعیت: HOLD               | تعداد: -        | هدف: -          | استاپ: -         | سود/زیان: - | زمان: 1405-04-20 23:57:30
📊 DOGS/USDT  | قیمت: 7.11       تومان | وضعیت: HOLD               | تعداد: -        | هدف: -          | استاپ: -         | سود/زیان: - | زمان: 1405-04-20 23:57:30
📊 TNSR/USDT  | قیمت: 5,811.00   تومان | وضعیت: HOLD               | تعداد: -        | هدف: -          | استاپ: -         | سود/زیان: - | زمان: 1405-04-20 23:57:30
📊 2Z/USDT    | قیمت: 12,645.00  تومان | وضعیت: SELL               | تعداد: -        | هدف: -          | استاپ: -         | سود/زیان: - | زمان: 1405-04-20 23:57:30
📊 RENDER/USDT | قیمت: 278,093.00 تومان | وضعیت: HOLD               | تعداد: -        | هدف: -          | استاپ: -         | سود/زیان: - | زمان: 1405-04-20 23:57:30
📊 APE/USDT   | قیمت: 27,924.00  تومان | وضعیت: HOLD               | تعداد: -        | هدف: -          | استاپ: -         | سود/زیان: - | زمان: 1405-04-20 23:57:30
📊 DYDX/USDT  | قیمت: 23,199.00  تومان | وضعیت: HOLD               | تعداد: -        | هدف: -          | استاپ: -         | سود/زیان: - | زمان: 1405-04-20 23:57:30
📊 BASED/USDT | قیمت: 17,404.00  تومان | وضعیت: HOLD               | تعداد: -        | هدف: -          | استاپ: -         | سود/زیان: - | زمان: 1405-04-20 23:57:30
📊 ONE/USDT   | قیمت: 219.00     تومان | وضعیت: HOLD               | تعداد: -        | هدف: -          | استاپ: -         | سود/زیان: - | زمان: 1405-04-20 23:57:30
📊 BICO/USDT  | قیمت: 2,557.00   تومان | وضعیت: HOLD               | تعداد: -        | هدف: -          | استاپ: -         | سود/زیان: - | زمان: 1405-04-20 23:57:30

--- چرخه بعدی پایش در ۳۰۰ ثانیه آینده ---

📊 BTC/USDT   | قیمت: 11,414,999,000.00 تومان | وضعیت: HOLD               | تعداد: -        | هدف: -          | استاپ: -         | سود/زیان: - | زمان: 1405-04-21 00:03:12
📊 ETH/USDT   | قیمت: 323,698,000.00 تومان | وضعیت: HOLD               | تعداد: -        | هدف: -          | استاپ: -         | سود/زیان: - | زمان: 1405-04-21 00:03:12
📊 SOL/USDT   | قیمت: 13,886,406.00 تومان | وضعیت: HOLD               | تعداد: -        | هدف: -          | استاپ: -         | سود/زیان: - | زمان: 1405-04-21 00:03:12
📊 AVAX/USDT  | قیمت: 1,197,798.00 تومان | وضعیت: HOLD               | تعداد: -        | هدف: -          | استاپ: -         | سود/زیان: - | زمان: 1405-04-21 00:03:12
📊 NEAR/USDT  | قیمت: 338,539.00 تومان | وضعیت: HOLD               | تعداد: -        | هدف: -          | استاپ: -         | سود/زیان: - | زمان: 1405-04-21 00:03:12
📊 SUI/USDT   | قیمت: 132,135.00 تومان | وضعیت: HOLD               | تعداد: -        | هدف: -          | استاپ: -         | سود/زیان: - | زمان: 1405-04-21 00:03:12
📊 TRX/USDT   | قیمت: 59,349.00  تومان | وضعیت: HOLD               | تعداد: -        | هدف: -          | استاپ: -         | سود/زیان: - | زمان: 1405-04-21 00:03:12
📊 XRP/USDT   | قیمت: 197,889.00 تومان | وضعیت: HOLD               | تعداد: -        | هدف: -          | استاپ: -         | سود/زیان: - | زمان: 1405-04-21 00:03:12
📊 ADA/USDT   | قیمت: 30,447.00  تومان | وضعیت: HOLD               | تعداد: -        | هدف: -          | استاپ: -         | سود/زیان: - | زمان: 1405-04-21 00:03:12
📊 DOGE/USDT  | قیمت: 13,331.00  تومان | وضعیت: HOLD               | تعداد: -        | هدف: -          | استاپ: -         | سود/زیان: - | زمان: 1405-04-21 00:03:12
📊 LINK/USDT  | قیمت: 1,432,974.00 تومان | وضعیت: HOLD               | تعداد: -        | هدف: -          | استاپ: -         | سود/زیان: - | زمان: 1405-04-21 00:03:12
📊 UNI/USDT   | قیمت: 669,324.00 تومان | وضعیت: HOLD               | تعداد: -        | هدف: -          | استاپ: -         | سود/زیان: - | زمان: 1405-04-21 00:03:12
📊 LTC/USDT   | قیمت: 8,049,000.00 تومان | وضعیت: HOLD               | تعداد: -        | هدف: -          | استاپ: -         | سود/زیان: - | زمان: 1405-04-21 00:03:12
📊 BCH/USDT   | قیمت: 43,668,653.00 تومان | وضعیت: HOLD               | تعداد: -        | هدف: -          | استاپ: -         | سود/زیان: - | زمان: 1405-04-21 00:03:12
📊 POL/USDT   | قیمت: 14,399.00  تومان | وضعیت: HOLD               | تعداد: -        | هدف: -          | استاپ: -         | سود/زیان: - | زمان: 1405-04-21 00:03:12
📊 ALGO/USDT  | قیمت: 15,402.00  تومان | وضعیت: HOLD               | تعداد: -        | هدف: -          | استاپ: -         | سود/زیان: - | زمان: 1405-04-21 00:03:12
📊 XLM/USDT   | قیمت: 34,010.00  تومان | وضعیت: HOLD               | تعداد: -        | هدف: -          | استاپ: -         | سود/زیان: - | زمان: 1405-04-21 00:03:12
📊 HBAR/USDT  | قیمت: 12,415.00  تومان | وضعیت: HOLD               | تعداد: -        | هدف: -          | استاپ: -         | سود/زیان: - | زمان: 1405-04-21 00:03:12
📊 GRT/USDT   | قیمت: 3,188.00   تومان | وضعیت: HOLD               | تعداد: -        | هدف: -          | استاپ: -         | سود/زیان: - | زمان: 1405-04-21 00:03:12
📊 ANKR/USDT  | قیمت: 673.00     تومان | وضعیت: HOLD               | تعداد: -        | هدف: -          | استاپ: -         | سود/زیان: - | زمان: 1405-04-21 00:03:12
📊 HMSTR/USDT | قیمت: 36.77      تومان | وضعیت: HOLD               | تعداد: -        | هدف: -          | استاپ: -         | سود/زیان: - | زمان: 1405-04-21 00:03:12
📊 DOGS/USDT  | قیمت: 7.13       تومان | وضعیت: HOLD               | تعداد: -        | هدف: -          | استاپ: -         | سود/زیان: - | زمان: 1405-04-21 00:03:12
📊 TNSR/USDT  | قیمت: 5,838.00   تومان | وضعیت: HOLD               | تعداد: -        | هدف: -          | استاپ: -         | سود/زیان: - | زمان: 1405-04-21 00:03:12
📊 2Z/USDT    | قیمت: 12,645.00  تومان | وضعیت: SELL               | تعداد: -        | هدف: -          | استاپ: -         | سود/زیان: - | زمان: 1405-04-21 00:03:12
📊 RENDER/USDT | قیمت: 281,568.00 تومان | وضعیت: HOLD               | تعداد: -        | هدف: -          | استاپ: -         | سود/زیان: - | زمان: 1405-04-21 00:03:12
📊 APE/USDT   | قیمت: 27,924.00  تومان | وضعیت: HOLD               | تعداد: -        | هدف: -          | استاپ: -         | سود/زیان: - | زمان: 1405-04-21 00:03:12
📊 DYDX/USDT  | قیمت: 23,199.00  تومان | وضعیت: HOLD               | تعداد: -        | هدف: -          | استاپ: -         | سود/زیان: - | زمان: 1405-04-21 00:03:12
📊 BASED/USDT | قیمت: 17,404.00  تومان | وضعیت: HOLD               | تعداد: -        | هدف: -          | استاپ: -         | سود/زیان: - | زمان: 1405-04-21 00:03:12
📊 ONE/USDT   | قیمت: 218.00     تومان | وضعیت: HOLD               | تعداد: -        | هدف: -          | استاپ: -         | سود/زیان: - | زمان: 1405-04-21 00:03:12
📊 BICO/USDT  | قیمت: 2,589.00   تومان | وضعیت: HOLD               | تعداد: -        | هدف: -          | استاپ: -         | سود/زیان: - | زمان: 1405-04-21 00:03:12

--- چرخه بعدی پایش در ۳۰۰ ثانیه آینده ---

📊 BTC/USDT   | قیمت: 11,401,000,000.00 تومان | وضعیت: HOLD               | تعداد: -        | هدف: -          | استاپ: -         | سود/زیان: - | زمان: 1405-04-21 00:08:56
📊 ETH/USDT   | قیمت: 323,522,645.00 تومان | وضعیت: HOLD               | تعداد: -        | هدف: -          | استاپ: -         | سود/زیان: - | زمان: 1405-04-21 00:08:56
📊 SOL/USDT   | قیمت: 13,887,015.00 تومان | وضعیت: HOLD               | تعداد: -        | هدف: -          | استاپ: -         | سود/زیان: - | زمان: 1405-04-21 00:08:56
📊 AVAX/USDT  | قیمت: 1,201,187.00 تومان | وضعیت: HOLD               | تعداد: -        | هدف: -          | استاپ: -         | سود/زیان: - | زمان: 1405-04-21 00:08:56
📊 NEAR/USDT  | قیمت: 338,539.00 تومان | وضعیت: HOLD               | تعداد: -        | هدف: -          | استاپ: -         | سود/زیان: - | زمان: 1405-04-21 00:08:56
📊 SUI/USDT   | قیمت: 132,312.00 تومان | وضعیت: HOLD               | تعداد: -        | هدف: -          | استاپ: -         | سود/زیان: - | زمان: 1405-04-21 00:08:56
📊 TRX/USDT   | قیمت: 59,429.00  تومان | وضعیت: HOLD               | تعداد: -        | هدف: -          | استاپ: -         | سود/زیان: - | زمان: 1405-04-21 00:08:56
📊 XRP/USDT   | قیمت: 197,932.00 تومان | وضعیت: HOLD               | تعداد: -        | هدف: -          | استاپ: -         | سود/زیان: - | زمان: 1405-04-21 00:08:56
📊 ADA/USDT   | قیمت: 30,446.00  تومان | وضعیت: HOLD               | تعداد: -        | هدف: -          | استاپ: -         | سود/زیان: - | زمان: 1405-04-21 00:08:56
📊 DOGE/USDT  | قیمت: 13,332.00  تومان | وضعیت: HOLD               | تعداد: -        | هدف: -          | استاپ: -         | سود/زیان: - | زمان: 1405-04-21 00:08:56
📊 LINK/USDT  | قیمت: 1,436,000.00 تومان | وضعیت: HOLD               | تعداد: -        | هدف: -          | استاپ: -         | سود/زیان: - | زمان: 1405-04-21 00:08:56
📊 UNI/USDT   | قیمت: 671,841.00 تومان | وضعیت: HOLD               | تعداد: -        | هدف: -          | استاپ: -         | سود/زیان: - | زمان: 1405-04-21 00:08:56
📊 LTC/USDT   | قیمت: 8,049,000.00 تومان | وضعیت: HOLD               | تعداد: -        | هدف: -          | استاپ: -         | سود/زیان: - | زمان: 1405-04-21 00:08:56
📊 BCH/USDT   | قیمت: 43,668,762.00 تومان | وضعیت: HOLD               | تعداد: -        | هدف: -          | استاپ: -         | سود/زیان: - | زمان: 1405-04-21 00:08:56
📊 POL/USDT   | قیمت: 14,247.00  تومان | وضعیت: HOLD               | تعداد: -        | هدف: -          | استاپ: -         | سود/زیان: - | زمان: 1405-04-21 00:08:56
📊 ALGO/USDT  | قیمت: 15,799.00  تومان | وضعیت: HOLD               | تعداد: -        | هدف: -          | استاپ: -         | سود/زیان: - | زمان: 1405-04-21 00:08:56
📊 XLM/USDT   | قیمت: 34,010.00  تومان | وضعیت: HOLD               | تعداد: -        | هدف: -          | استاپ: -         | سود/زیان: - | زمان: 1405-04-21 00:08:56
📊 HBAR/USDT  | قیمت: 12,415.00  تومان | وضعیت: HOLD               | تعداد: -        | هدف: -          | استاپ: -         | سود/زیان: - | زمان: 1405-04-21 00:08:56
📊 GRT/USDT   | قیمت: 3,174.00   تومان | وضعیت: HOLD               | تعداد: -        | هدف: -          | استاپ: -         | سود/زیان: - | زمان: 1405-04-21 00:08:56
📊 ANKR/USDT  | قیمت: 677.00     تومان | وضعیت: HOLD               | تعداد: -        | هدف: -          | استاپ: -         | سود/زیان: - | زمان: 1405-04-21 00:08:56
📊 HMSTR/USDT | قیمت: 36.60      تومان | وضعیت: HOLD               | تعداد: -        | هدف: -          | استاپ: -         | سود/زیان: - | زمان: 1405-04-21 00:08:56
📊 DOGS/USDT  | قیمت: 7.13       تومان | وضعیت: HOLD               | تعداد: -        | هدف: -          | استاپ: -         | سود/زیان: - | زمان: 1405-04-21 00:08:56
📊 TNSR/USDT  | قیمت: 5,852.00   تومان | وضعیت: HOLD               | تعداد: -        | هدف: -          | استاپ: -         | سود/زیان: - | زمان: 1405-04-21 00:08:56
📊 2Z/USDT    | قیمت: 12,645.00  تومان | وضعیت: SELL               | تعداد: -        | هدف: -          | استاپ: -         | سود/زیان: - | زمان: 1405-04-21 00:08:56
📊 RENDER/USDT | قیمت: 281,568.00 تومان | وضعیت: HOLD               | تعداد: -        | هدف: -          | استاپ: -         | سود/زیان: - | زمان: 1405-04-21 00:08:56
📊 APE/USDT   | قیمت: 27,924.00  تومان | وضعیت: HOLD               | تعداد: -        | هدف: -          | استاپ: -         | سود/زیان: - | زمان: 1405-04-21 00:08:56
📊 DYDX/USDT  | قیمت: 23,200.00  تومان | وضعیت: HOLD               | تعداد: -        | هدف: -          | استاپ: -         | سود/زیان: - | زمان: 1405-04-21 00:08:56
📊 BASED/USDT | قیمت: 17,404.00  تومان | وضعیت: HOLD               | تعداد: -        | هدف: -          | استاپ: -         | سود/زیان: - | زمان: 1405-04-21 00:08:56
📊 ONE/USDT   | قیمت: 219.00     تومان | وضعیت: HOLD               | تعداد: -        | هدف: -          | استاپ: -         | سود/زیان: - | زمان: 1405-04-21 00:08:56
📊 BICO/USDT  | قیمت: 2,571.00   تومان | وضعیت: HOLD               | تعداد: -        | هدف: -          | استاپ: -         | سود/زیان: - | زمان: 1405-04-21 00:08:56

--- چرخه بعدی پایش در ۳۰۰ ثانیه آینده ---

📊 BTC/USDT   | قیمت: 11,408,246,506.00 تومان | وضعیت: HOLD               | تعداد: -        | هدف: -          | استاپ: -         | سود/زیان: - | زمان: 1405-04-21 00:14:47
📊 ETH/USDT   | قیمت: 323,485,800.00 تومان | وضعیت: HOLD               | تعداد: -        | هدف: -          | استاپ: -         | سود/زیان: - | زمان: 1405-04-21 00:14:47
📊 SOL/USDT   | قیمت: 13,888,000.00 تومان | وضعیت: HOLD               | تعداد: -        | هدف: -          | استاپ: -         | سود/زیان: - | زمان: 1405-04-21 00:14:47
📊 AVAX/USDT  | قیمت: 1,201,187.00 تومان | وضعیت: HOLD               | تعداد: -        | هدف: -          | استاپ: -         | سود/زیان: - | زمان: 1405-04-21 00:14:47
📊 NEAR/USDT  | قیمت: 338,539.00 تومان | وضعیت: HOLD               | تعداد: -        | هدف: -          | استاپ: -         | سود/زیان: - | زمان: 1405-04-21 00:14:47
📊 SUI/USDT   | قیمت: 132,453.00 تومان | وضعیت: HOLD               | تعداد: -        | هدف: -          | استاپ: -         | سود/زیان: - | زمان: 1405-04-21 00:14:47
📊 TRX/USDT   | قیمت: 59,244.00  تومان | وضعیت: HOLD               | تعداد: -        | هدف: -          | استاپ: -         | سود/زیان: - | زمان: 1405-04-21 00:14:47
📊 XRP/USDT   | قیمت: 197,901.00 تومان | وضعیت: HOLD               | تعداد: -        | هدف: -          | استاپ: -         | سود/زیان: - | زمان: 1405-04-21 00:14:47
📊 ADA/USDT   | قیمت: 30,428.00  تومان | وضعیت: HOLD               | تعداد: -        | هدف: -          | استاپ: -         | سود/زیان: - | زمان: 1405-04-21 00:14:47
📊 DOGE/USDT  | قیمت: 13,332.00  تومان | وضعیت: HOLD               | تعداد: -        | هدف: -          | استاپ: -         | سود/زیان: - | زمان: 1405-04-21 00:14:47
📊 LINK/USDT  | قیمت: 1,437,000.00 تومان | وضعیت: HOLD               | تعداد: -        | هدف: -          | استاپ: -         | سود/زیان: - | زمان: 1405-04-21 00:14:47
📊 UNI/USDT   | قیمت: 673,095.00 تومان | وضعیت: HOLD               | تعداد: -        | هدف: -          | استاپ: -         | سود/زیان: - | زمان: 1405-04-21 00:14:47
📊 LTC/USDT   | قیمت: 8,069,846.00 تومان | وضعیت: HOLD               | تعداد: -        | هدف: -          | استاپ: -         | سود/زیان: - | زمان: 1405-04-21 00:14:47
📊 BCH/USDT   | قیمت: 43,668,762.00 تومان | وضعیت: HOLD               | تعداد: -        | هدف: -          | استاپ: -         | سود/زیان: - | زمان: 1405-04-21 00:14:47
📊 POL/USDT   | قیمت: 14,272.00  تومان | وضعیت: HOLD               | تعداد: -        | هدف: -          | استاپ: -         | سود/زیان: - | زمان: 1405-04-21 00:14:47
📊 ALGO/USDT  | قیمت: 15,850.00  تومان | وضعیت: HOLD               | تعداد: -        | هدف: -          | استاپ: -         | سود/زیان: - | زمان: 1405-04-21 00:14:47
📊 XLM/USDT   | قیمت: 34,150.00  تومان | وضعیت: HOLD               | تعداد: -        | هدف: -          | استاپ: -         | سود/زیان: - | زمان: 1405-04-21 00:14:47
📊 HBAR/USDT  | قیمت: 12,457.00  تومان | وضعیت: HOLD               | تعداد: -        | هدف: -          | استاپ: -         | سود/زیان: - | زمان: 1405-04-21 00:14:47
📊 GRT/USDT   | قیمت: 3,200.00   تومان | وضعیت: HOLD               | تعداد: -        | هدف: -          | استاپ: -         | سود/زیان: - | زمان: 1405-04-21 00:14:47
📊 ANKR/USDT  | قیمت: 673.00     تومان | وضعیت: HOLD               | تعداد: -        | هدف: -          | استاپ: -         | سود/زیان: - | زمان: 1405-04-21 00:14:47
📊 HMSTR/USDT | قیمت: 36.34      تومان | وضعیت: HOLD               | تعداد: -        | هدف: -          | استاپ: -         | سود/زیان: - | زمان: 1405-04-21 00:14:47
📊 DOGS/USDT  | قیمت: 7.10       تومان | وضعیت: HOLD               | تعداد: -        | هدف: -          | استاپ: -         | سود/زیان: - | زمان: 1405-04-21 00:14:47
📊 TNSR/USDT  | قیمت: 5,895.00   تومان | وضعیت: HOLD               | تعداد: -        | هدف: -          | استاپ: -         | سود/زیان: - | زمان: 1405-04-21 00:14:47
📊 2Z/USDT    | قیمت: 12,645.00  تومان | وضعیت: SELL               | تعداد: -        | هدف: -          | استاپ: -         | سود/زیان: - | زمان: 1405-04-21 00:14:47
📊 RENDER/USDT | قیمت: 281,568.00 تومان | وضعیت: HOLD               | تعداد: -        | هدف: -          | استاپ: -         | سود/زیان: - | زمان: 1405-04-21 00:14:47
📊 APE/USDT   | قیمت: 27,924.00  تومان | وضعیت: HOLD               | تعداد: -        | هدف: -          | استاپ: -         | سود/زیان: - | زمان: 1405-04-21 00:14:47
📊 DYDX/USDT  | قیمت: 23,100.00  تومان | وضعیت: HOLD               | تعداد: -        | هدف: -          | استاپ: -         | سود/زیان: - | زمان: 1405-04-21 00:14:47
📊 BASED/USDT | قیمت: 17,404.00  تومان | وضعیت: HOLD               | تعداد: -        | هدف: -          | استاپ: -         | سود/زیان: - | زمان: 1405-04-21 00:14:47
📊 ONE/USDT   | قیمت: 218.00     تومان | وضعیت: HOLD               | تعداد: -        | هدف: -          | استاپ: -         | سود/زیان: - | زمان: 1405-04-21 00:14:47
📊 BICO/USDT  | قیمت: 2,578.00   تومان | وضعیت: HOLD               | تعداد: -        | هدف: -          | استاپ: -         | سود/زیان: - | زمان: 1405-04-21 00:14:47

--- چرخه بعدی پایش در ۳۰۰ ثانیه آینده ---

📊 BTC/USDT   | قیمت: 11,424,389,697.00 تومان | وضعیت: HOLD               | تعداد: -        | هدف: -          | استاپ: -         | سود/زیان: - | زمان: 1405-04-21 00:20:47
📊 ETH/USDT   | قیمت: 323,690,000.00 تومان | وضعیت: HOLD               | تعداد: -        | هدف: -          | استاپ: -         | سود/زیان: - | زمان: 1405-04-21 00:20:47
📊 SOL/USDT   | قیمت: 13,924,950.00 تومان | وضعیت: HOLD               | تعداد: -        | هدف: -          | استاپ: -         | سود/زیان: - | زمان: 1405-04-21 00:20:47
📊 AVAX/USDT  | قیمت: 1,201,187.00 تومان | وضعیت: HOLD               | تعداد: -        | هدف: -          | استاپ: -         | سود/زیان: - | زمان: 1405-04-21 00:20:47
📊 NEAR/USDT  | قیمت: 339,074.00 تومان | وضعیت: HOLD               | تعداد: -        | هدف: -          | استاپ: -         | سود/زیان: - | زمان: 1405-04-21 00:20:47
📊 SUI/USDT   | قیمت: 132,525.00 تومان | وضعیت: HOLD               | تعداد: -        | هدف: -          | استاپ: -         | سود/زیان: - | زمان: 1405-04-21 00:20:47
📊 TRX/USDT   | قیمت: 59,300.00  تومان | وضعیت: HOLD               | تعداد: -        | هدف: -          | استاپ: -         | سود/زیان: - | زمان: 1405-04-21 00:20:47
📊 XRP/USDT   | قیمت: 197,932.00 تومان | وضعیت: HOLD               | تعداد: -        | هدف: -          | استاپ: -         | سود/زیان: - | زمان: 1405-04-21 00:20:47
📊 ADA/USDT   | قیمت: 30,412.00  تومان | وضعیت: HOLD               | تعداد: -        | هدف: -          | استاپ: -         | سود/زیان: - | زمان: 1405-04-21 00:20:47
📊 DOGE/USDT  | قیمت: 13,331.90  تومان | وضعیت: HOLD               | تعداد: -        | هدف: -          | استاپ: -         | سود/زیان: - | زمان: 1405-04-21 00:20:47
📊 LINK/USDT  | قیمت: 1,436,200.00 تومان | وضعیت: HOLD               | تعداد: -        | هدف: -          | استاپ: -         | سود/زیان: - | زمان: 1405-04-21 00:20:47
📊 UNI/USDT   | قیمت: 678,449.00 تومان | وضعیت: HOLD               | تعداد: -        | هدف: -          | استاپ: -         | سود/زیان: - | زمان: 1405-04-21 00:20:47
📊 LTC/USDT   | قیمت: 8,069,846.00 تومان | وضعیت: HOLD               | تعداد: -        | هدف: -          | استاپ: -         | سود/زیان: - | زمان: 1405-04-21 00:20:47
📊 BCH/USDT   | قیمت: 43,790,660.00 تومان | وضعیت: HOLD               | تعداد: -        | هدف: -          | استاپ: -         | سود/زیان: - | زمان: 1405-04-21 00:20:47
📊 POL/USDT   | قیمت: 14,288.00  تومان | وضعیت: HOLD               | تعداد: -        | هدف: -          | استاپ: -         | سود/زیان: - | زمان: 1405-04-21 00:20:47
📊 ALGO/USDT  | قیمت: 15,845.00  تومان | وضعیت: HOLD               | تعداد: -        | هدف: -          | استاپ: -         | سود/زیان: - | زمان: 1405-04-21 00:20:47
📊 XLM/USDT   | قیمت: 34,200.00  تومان | وضعیت: HOLD               | تعداد: -        | هدف: -          | استاپ: -         | سود/زیان: - | زمان: 1405-04-21 00:20:47
📊 HBAR/USDT  | قیمت: 12,456.00  تومان | وضعیت: HOLD               | تعداد: -        | هدف: -          | استاپ: -         | سود/زیان: - | زمان: 1405-04-21 00:20:47
📊 GRT/USDT   | قیمت: 3,200.00   تومان | وضعیت: HOLD               | تعداد: -        | هدف: -          | استاپ: -         | سود/زیان: - | زمان: 1405-04-21 00:20:47
📊 ANKR/USDT  | قیمت: 673.00     تومان | وضعیت: HOLD               | تعداد: -        | هدف: -          | استاپ: -         | سود/زیان: - | زمان: 1405-04-21 00:20:47
📊 HMSTR/USDT | قیمت: 36.40      تومان | وضعیت: HOLD               | تعداد: -        | هدف: -          | استاپ: -         | سود/زیان: - | زمان: 1405-04-21 00:20:47
📊 DOGS/USDT  | قیمت: 7.10       تومان | وضعیت: HOLD               | تعداد: -        | هدف: -          | استاپ: -         | سود/زیان: - | زمان: 1405-04-21 00:20:47
📊 TNSR/USDT  | قیمت: 5,895.00   تومان | وضعیت: HOLD               | تعداد: -        | هدف: -          | استاپ: -         | سود/زیان: - | زمان: 1405-04-21 00:20:47
📊 2Z/USDT    | قیمت: 12,645.00  تومان | وضعیت: SELL               | تعداد: -        | هدف: -          | استاپ: -         | سود/زیان: - | زمان: 1405-04-21 00:20:47
📊 RENDER/USDT | قیمت: 281,568.00 تومان | وضعیت: HOLD               | تعداد: -        | هدف: -          | استاپ: -         | سود/زیان: - | زمان: 1405-04-21 00:20:47
📊 APE/USDT   | قیمت: 27,924.00  تومان | وضعیت: HOLD               | تعداد: -        | هدف: -          | استاپ: -         | سود/زیان: - | زمان: 1405-04-21 00:20:47
📊 DYDX/USDT  | قیمت: 23,005.00  تومان | وضعیت: HOLD               | تعداد: -        | هدف: -          | استاپ: -         | سود/زیان: - | زمان: 1405-04-21 00:20:47
📊 BASED/USDT | قیمت: 17,404.00  تومان | وضعیت: HOLD               | تعداد: -        | هدف: -          | استاپ: -         | سود/زیان: - | زمان: 1405-04-21 00:20:47
📊 ONE/USDT   | قیمت: 218.00     تومان | وضعیت: HOLD               | تعداد: -        | هدف: -          | استاپ: -         | سود/زیان: - | زمان: 1405-04-21 00:20:47
📊 BICO/USDT  | قیمت: 2,575.00   تومان | وضعیت: HOLD               | تعداد: -        | هدف: -          | استاپ: -         | سود/زیان: - | زمان: 1405-04-21 00:20:47

--- چرخه بعدی پایش در ۳۰۰ ثانیه آینده ---

📊 BTC/USDT   | قیمت: 11,407,552,387.00 تومان | وضعیت: HOLD               | تعداد: -        | هدف: -          | استاپ: -         | سود/زیان: - | زمان: 1405-04-21 00:26:23
📊 ETH/USDT   | قیمت: 323,699,000.00 تومان | وضعیت: HOLD               | تعداد: -        | هدف: -          | استاپ: -         | سود/زیان: - | زمان: 1405-04-21 00:26:23
📊 SOL/USDT   | قیمت: 13,929,200.00 تومان | وضعیت: HOLD               | تعداد: -        | هدف: -          | استاپ: -         | سود/زیان: - | زمان: 1405-04-21 00:26:23
📊 AVAX/USDT  | قیمت: 1,205,000.00 تومان | وضعیت: HOLD               | تعداد: -        | هدف: -          | استاپ: -         | سود/زیان: - | زمان: 1405-04-21 00:26:23
📊 NEAR/USDT  | قیمت: 338,435.00 تومان | وضعیت: HOLD               | تعداد: -        | هدف: -          | استاپ: -         | سود/زیان: - | زمان: 1405-04-21 00:26:23
📊 SUI/USDT   | قیمت: 132,999.00 تومان | وضعیت: HOLD               | تعداد: -        | هدف: -          | استاپ: -         | سود/زیان: - | زمان: 1405-04-21 00:26:23
📊 TRX/USDT   | قیمت: 59,392.00  تومان | وضعیت: HOLD               | تعداد: -        | هدف: -          | استاپ: -         | سود/زیان: - | زمان: 1405-04-21 00:26:23
📊 XRP/USDT   | قیمت: 197,900.00 تومان | وضعیت: HOLD               | تعداد: -        | هدف: -          | استاپ: -         | سود/زیان: - | زمان: 1405-04-21 00:26:23
📊 ADA/USDT   | قیمت: 30,428.00  تومان | وضعیت: HOLD               | تعداد: -        | هدف: -          | استاپ: -         | سود/زیان: - | زمان: 1405-04-21 00:26:23
📊 DOGE/USDT  | قیمت: 13,340.00  تومان | وضعیت: HOLD               | تعداد: -        | هدف: -          | استاپ: -         | سود/زیان: - | زمان: 1405-04-21 00:26:23
📊 LINK/USDT  | قیمت: 1,439,512.00 تومان | وضعیت: HOLD               | تعداد: -        | هدف: -          | استاپ: -         | سود/زیان: - | زمان: 1405-04-21 00:26:23
📊 UNI/USDT   | قیمت: 678,624.00 تومان | وضعیت: HOLD               | تعداد: -        | هدف: -          | استاپ: -         | سود/زیان: - | زمان: 1405-04-21 00:26:23
📊 LTC/USDT   | قیمت: 8,063,001.00 تومان | وضعیت: HOLD               | تعداد: -        | هدف: -          | استاپ: -         | سود/زیان: - | زمان: 1405-04-21 00:26:23
📊 BCH/USDT   | قیمت: 43,790,654.00 تومان | وضعیت: HOLD               | تعداد: -        | هدف: -          | استاپ: -         | سود/زیان: - | زمان: 1405-04-21 00:26:23
📊 POL/USDT   | قیمت: 14,304.00  تومان | وضعیت: HOLD               | تعداد: -        | هدف: -          | استاپ: -         | سود/زیان: - | زمان: 1405-04-21 00:26:23
📊 ALGO/USDT  | قیمت: 15,840.00  تومان | وضعیت: HOLD               | تعداد: -        | هدف: -          | استاپ: -         | سود/زیان: - | زمان: 1405-04-21 00:26:23
📊 XLM/USDT   | قیمت: 34,276.00  تومان | وضعیت: HOLD               | تعداد: -        | هدف: -          | استاپ: -         | سود/زیان: - | زمان: 1405-04-21 00:26:23
📊 HBAR/USDT  | قیمت: 12,375.00  تومان | وضعیت: HOLD               | تعداد: -        | هدف: -          | استاپ: -         | سود/زیان: - | زمان: 1405-04-21 00:26:23
📊 GRT/USDT   | قیمت: 3,207.00   تومان | وضعیت: HOLD               | تعداد: -        | هدف: -          | استاپ: -         | سود/زیان: - | زمان: 1405-04-21 00:26:23
📊 ANKR/USDT  | قیمت: 671.00     تومان | وضعیت: HOLD               | تعداد: -        | هدف: -          | استاپ: -         | سود/زیان: - | زمان: 1405-04-21 00:26:23
📊 HMSTR/USDT | قیمت: 36.50      تومان | وضعیت: HOLD               | تعداد: -        | هدف: -          | استاپ: -         | سود/زیان: - | زمان: 1405-04-21 00:26:23
📊 DOGS/USDT  | قیمت: 7.13       تومان | وضعیت: HOLD               | تعداد: -        | هدف: -          | استاپ: -         | سود/زیان: - | زمان: 1405-04-21 00:26:23
📊 TNSR/USDT  | قیمت: 5,895.00   تومان | وضعیت: HOLD               | تعداد: -        | هدف: -          | استاپ: -         | سود/زیان: - | زمان: 1405-04-21 00:26:23
📊 2Z/USDT    | قیمت: 12,645.00  تومان | وضعیت: SELL               | تعداد: -        | هدف: -          | استاپ: -         | سود/زیان: - | زمان: 1405-04-21 00:26:23
📊 RENDER/USDT | قیمت: 281,568.00 تومان | وضعیت: HOLD               | تعداد: -        | هدف: -          | استاپ: -         | سود/زیان: - | زمان: 1405-04-21 00:26:23
📊 APE/USDT   | قیمت: 27,924.00  تومان | وضعیت: HOLD               | تعداد: -        | هدف: -          | استاپ: -         | سود/زیان: - | زمان: 1405-04-21 00:26:23
📊 DYDX/USDT  | قیمت: 23,014.00  تومان | وضعیت: HOLD               | تعداد: -        | هدف: -          | استاپ: -         | سود/زیان: - | زمان: 1405-04-21 00:26:23
📊 BASED/USDT | قیمت: 17,601.00  تومان | وضعیت: HOLD               | تعداد: -        | هدف: -          | استاپ: -         | سود/زیان: - | زمان: 1405-04-21 00:26:23
📊 ONE/USDT   | قیمت: 217.00     تومان | وضعیت: HOLD               | تعداد: -        | هدف: -          | استاپ: -         | سود/زیان: - | زمان: 1405-04-21 00:26:23
📊 BICO/USDT  | قیمت: 2,590.00   تومان | وضعیت: HOLD               | تعداد: -        | هدف: -          | استاپ: -         | سود/زیان: - | زمان: 1405-04-21 00:26:23

--- چرخه بعدی پایش در ۳۰۰ ثانیه آینده ---

📊 BTC/USDT   | قیمت: 11,433,481,555.00 تومان | وضعیت: HOLD               | تعداد: -        | هدف: -          | استاپ: -         | سود/زیان: - | زمان: 1405-04-21 00:30:50
📊 ETH/USDT   | قیمت: 324,500,000.00 تومان | وضعیت: HOLD               | تعداد: -        | هدف: -          | استاپ: -         | سود/زیان: - | زمان: 1405-04-21 00:30:50
📊 SOL/USDT   | قیمت: 13,897,061.00 تومان | وضعیت: HOLD               | تعداد: -        | هدف: -          | استاپ: -         | سود/زیان: - | زمان: 1405-04-21 00:30:50
📊 AVAX/USDT  | قیمت: 1,204,997.00 تومان | وضعیت: HOLD               | تعداد: -        | هدف: -          | استاپ: -         | سود/زیان: - | زمان: 1405-04-21 00:30:50
📊 NEAR/USDT  | قیمت: 338,380.00 تومان | وضعیت: HOLD               | تعداد: -        | هدف: -          | استاپ: -         | سود/زیان: - | زمان: 1405-04-21 00:30:50
📊 SUI/USDT   | قیمت: 132,610.00 تومان | وضعیت: HOLD               | تعداد: -        | هدف: -          | استاپ: -         | سود/زیان: - | زمان: 1405-04-21 00:30:50
📊 TRX/USDT   | قیمت: 59,530.00  تومان | وضعیت: HOLD               | تعداد: -        | هدف: -          | استاپ: -         | سود/زیان: - | زمان: 1405-04-21 00:30:50
📊 XRP/USDT   | قیمت: 198,000.00 تومان | وضعیت: HOLD               | تعداد: -        | هدف: -          | استاپ: -         | سود/زیان: - | زمان: 1405-04-21 00:30:50
📊 ADA/USDT   | قیمت: 30,450.00  تومان | وضعیت: HOLD               | تعداد: -        | هدف: -          | استاپ: -         | سود/زیان: - | زمان: 1405-04-21 00:30:50
📊 DOGE/USDT  | قیمت: 13,340.00  تومان | وضعیت: HOLD               | تعداد: -        | هدف: -          | استاپ: -         | سود/زیان: - | زمان: 1405-04-21 00:30:50
📊 LINK/USDT  | قیمت: 1,436,202.00 تومان | وضعیت: HOLD               | تعداد: -        | هدف: -          | استاپ: -         | سود/زیان: - | زمان: 1405-04-21 00:30:50
📊 UNI/USDT   | قیمت: 675,000.00 تومان | وضعیت: HOLD               | تعداد: -        | هدف: -          | استاپ: -         | سود/زیان: - | زمان: 1405-04-21 00:30:50
📊 LTC/USDT   | قیمت: 8,094,000.00 تومان | وضعیت: HOLD               | تعداد: -        | هدف: -          | استاپ: -         | سود/زیان: - | زمان: 1405-04-21 00:30:50
📊 BCH/USDT   | قیمت: 43,790,654.00 تومان | وضعیت: HOLD               | تعداد: -        | هدف: -          | استاپ: -         | سود/زیان: - | زمان: 1405-04-21 00:30:50
📊 POL/USDT   | قیمت: 14,287.00  تومان | وضعیت: HOLD               | تعداد: -        | هدف: -          | استاپ: -         | سود/زیان: - | زمان: 1405-04-21 00:30:50
📊 ALGO/USDT  | قیمت: 15,838.00  تومان | وضعیت: HOLD               | تعداد: -        | هدف: -          | استاپ: -         | سود/زیان: - | زمان: 1405-04-21 00:30:50
📊 XLM/USDT   | قیمت: 34,276.00  تومان | وضعیت: HOLD               | تعداد: -        | هدف: -          | استاپ: -         | سود/زیان: - | زمان: 1405-04-21 00:30:50
📊 HBAR/USDT  | قیمت: 12,426.00  تومان | وضعیت: HOLD               | تعداد: -        | هدف: -          | استاپ: -         | سود/زیان: - | زمان: 1405-04-21 00:30:50
📊 GRT/USDT   | قیمت: 3,210.00   تومان | وضعیت: HOLD               | تعداد: -        | هدف: -          | استاپ: -         | سود/زیان: - | زمان: 1405-04-21 00:30:50
📊 ANKR/USDT  | قیمت: 679.00     تومان | وضعیت: HOLD               | تعداد: -        | هدف: -          | استاپ: -         | سود/زیان: - | زمان: 1405-04-21 00:30:50
📊 HMSTR/USDT | قیمت: 36.63      تومان | وضعیت: HOLD               | تعداد: -        | هدف: -          | استاپ: -         | سود/زیان: - | زمان: 1405-04-21 00:30:50
📊 DOGS/USDT  | قیمت: 7.14       تومان | وضعیت: HOLD               | تعداد: -        | هدف: -          | استاپ: -         | سود/زیان: - | زمان: 1405-04-21 00:30:50
📊 TNSR/USDT  | قیمت: 5,895.00   تومان | وضعیت: HOLD               | تعداد: -        | هدف: -          | استاپ: -         | سود/زیان: - | زمان: 1405-04-21 00:30:50
📊 2Z/USDT    | قیمت: 12,774.00  تومان | وضعیت: SELL               | تعداد: -        | هدف: -          | استاپ: -         | سود/زیان: - | زمان: 1405-04-21 00:30:50
📊 RENDER/USDT | قیمت: 278,728.00 تومان | وضعیت: HOLD               | تعداد: -        | هدف: -          | استاپ: -         | سود/زیان: - | زمان: 1405-04-21 00:30:50
📊 APE/USDT   | قیمت: 27,924.00  تومان | وضعیت: HOLD               | تعداد: -        | هدف: -          | استاپ: -         | سود/زیان: - | زمان: 1405-04-21 00:30:50
📊 DYDX/USDT  | قیمت: 23,003.00  تومان | وضعیت: HOLD               | تعداد: -        | هدف: -          | استاپ: -         | سود/زیان: - | زمان: 1405-04-21 00:30:50
📊 BASED/USDT | قیمت: 17,700.00  تومان | وضعیت: HOLD               | تعداد: -        | هدف: -          | استاپ: -         | سود/زیان: - | زمان: 1405-04-21 00:30:50
📊 ONE/USDT   | قیمت: 218.00     تومان | وضعیت: HOLD               | تعداد: -        | هدف: -          | استاپ: -         | سود/زیان: - | زمان: 1405-04-21 00:30:50
📊 BICO/USDT  | قیمت: 2,587.00   تومان | وضعیت: HOLD               | تعداد: -        | هدف: -          | استاپ: -         | سود/زیان: - | زمان: 1405-04-21 00:30:50

--- چرخه بعدی پایش در ۳۰۰ ثانیه آینده ---


--- چرخه بعدی پایش در ۳۰۰ ثانیه آینده ---

📊 BTC/USDT   | قیمت: 11,456,211,906.00 تومان | وضعیت: HOLD               | تعداد: -        | هدف: -          | استاپ: -         | سود/زیان: - | زمان: 1405-04-21 00:42:04
📊 ETH/USDT   | قیمت: 324,860,000.00 تومان | وضعیت: HOLD               | تعداد: -        | هدف: -          | استاپ: -         | سود/زیان: - | زمان: 1405-04-21 00:42:04
📊 SOL/USDT   | قیمت: 13,983,905.00 تومان | وضعیت: HOLD               | تعداد: -        | هدف: -          | استاپ: -         | سود/زیان: - | زمان: 1405-04-21 00:42:04
📊 AVAX/USDT  | قیمت: 1,205,000.00 تومان | وضعیت: HOLD               | تعداد: -        | هدف: -          | استاپ: -         | سود/زیان: - | زمان: 1405-04-21 00:42:04
📊 NEAR/USDT  | قیمت: 345,000.00 تومان | وضعیت: HOLD               | تعداد: -        | هدف: -          | استاپ: -         | سود/زیان: - | زمان: 1405-04-21 00:42:04
📊 SUI/USDT   | قیمت: 133,000.00 تومان | وضعیت: HOLD               | تعداد: -        | هدف: -          | استاپ: -         | سود/زیان: - | زمان: 1405-04-21 00:42:04
📊 TRX/USDT   | قیمت: 59,345.00  تومان | وضعیت: HOLD               | تعداد: -        | هدف: -          | استاپ: -         | سود/زیان: - | زمان: 1405-04-21 00:42:04
📊 XRP/USDT   | قیمت: 198,500.00 تومان | وضعیت: HOLD               | تعداد: -        | هدف: -          | استاپ: -         | سود/زیان: - | زمان: 1405-04-21 00:42:04
📊 ADA/USDT   | قیمت: 30,310.00  تومان | وضعیت: HOLD               | تعداد: -        | هدف: -          | استاپ: -         | سود/زیان: - | زمان: 1405-04-21 00:42:04
📊 DOGE/USDT  | قیمت: 13,395.00  تومان | وضعیت: HOLD               | تعداد: -        | هدف: -          | استاپ: -         | سود/زیان: - | زمان: 1405-04-21 00:42:04
📊 LINK/USDT  | قیمت: 1,439,954.00 تومان | وضعیت: HOLD               | تعداد: -        | هدف: -          | استاپ: -         | سود/زیان: - | زمان: 1405-04-21 00:42:04
📊 UNI/USDT   | قیمت: 678,580.00 تومان | وضعیت: HOLD               | تعداد: -        | هدف: -          | استاپ: -         | سود/زیان: - | زمان: 1405-04-21 00:42:04
📊 LTC/USDT   | قیمت: 8,051,952.00 تومان | وضعیت: HOLD               | تعداد: -        | هدف: -          | استاپ: -         | سود/زیان: - | زمان: 1405-04-21 00:42:04
📊 BCH/USDT   | قیمت: 43,990,000.00 تومان | وضعیت: HOLD               | تعداد: -        | هدف: -          | استاپ: -         | سود/زیان: - | زمان: 1405-04-21 00:42:04
📊 POL/USDT   | قیمت: 14,240.00  تومان | وضعیت: HOLD               | تعداد: -        | هدف: -          | استاپ: -         | سود/زیان: - | زمان: 1405-04-21 00:42:04
📊 ALGO/USDT  | قیمت: 15,838.00  تومان | وضعیت: HOLD               | تعداد: -        | هدف: -          | استاپ: -         | سود/زیان: - | زمان: 1405-04-21 00:42:04
📊 XLM/USDT   | قیمت: 34,296.00  تومان | وضعیت: HOLD               | تعداد: -        | هدف: -          | استاپ: -         | سود/زیان: - | زمان: 1405-04-21 00:42:04
📊 HBAR/USDT  | قیمت: 12,414.00  تومان | وضعیت: HOLD               | تعداد: -        | هدف: -          | استاپ: -         | سود/زیان: - | زمان: 1405-04-21 00:42:04
📊 GRT/USDT   | قیمت: 3,220.00   تومان | وضعیت: HOLD               | تعداد: -        | هدف: -          | استاپ: -         | سود/زیان: - | زمان: 1405-04-21 00:42:04
📊 ANKR/USDT  | قیمت: 675.00     تومان | وضعیت: HOLD               | تعداد: -        | هدف: -          | استاپ: -         | سود/زیان: - | زمان: 1405-04-21 00:42:04
📊 HMSTR/USDT | قیمت: 36.60      تومان | وضعیت: HOLD               | تعداد: -        | هدف: -          | استاپ: -         | سود/زیان: - | زمان: 1405-04-21 00:42:04
📊 DOGS/USDT  | قیمت: 7.14       تومان | وضعیت: HOLD               | تعداد: -        | هدف: -          | استاپ: -         | سود/زیان: - | زمان: 1405-04-21 00:42:04
📊 TNSR/USDT  | قیمت: 5,895.00   تومان | وضعیت: HOLD               | تعداد: -        | هدف: -          | استاپ: -         | سود/زیان: - | زمان: 1405-04-21 00:42:04
📊 2Z/USDT    | قیمت: 12,774.00  تومان | وضعیت: SELL               | تعداد: -        | هدف: -          | استاپ: -         | سود/زیان: - | زمان: 1405-04-21 00:42:04
📊 RENDER/USDT | قیمت: 282,000.00 تومان | وضعیت: HOLD               | تعداد: -        | هدف: -          | استاپ: -         | سود/زیان: - | زمان: 1405-04-21 00:42:04
📊 APE/USDT   | قیمت: 27,924.00  تومان | وضعیت: HOLD               | تعداد: -        | هدف: -          | استاپ: -         | سود/زیان: - | زمان: 1405-04-21 00:42:04
📊 DYDX/USDT  | قیمت: 23,003.00  تومان | وضعیت: HOLD               | تعداد: -        | هدف: -          | استاپ: -         | سود/زیان: - | زمان: 1405-04-21 00:42:04
📊 BASED/USDT | قیمت: 17,750.00  تومان | وضعیت: HOLD               | تعداد: -        | هدف: -          | استاپ: -         | سود/زیان: - | زمان: 1405-04-21 00:42:04
📊 ONE/USDT   | قیمت: 220.00     تومان | وضعیت: HOLD               | تعداد: -        | هدف: -          | استاپ: -         | سود/زیان: - | زمان: 1405-04-21 00:42:04
📊 BICO/USDT  | قیمت: 2,570.00   تومان | وضعیت: HOLD               | تعداد: -        | هدف: -          | استاپ: -         | سود/زیان: - | زمان: 1405-04-21 00:42:04

--- چرخه بعدی پایش در ۳۰۰ ثانیه آینده ---

